{
  "label": "usdchf_h1_xgb_baseline",
  "session_dir": "results/walkforward_fx_top6/walkforward_usdchf_h1_xgb_baseline_20251119_173731",
  "source_csv": "QuantResearch/data/clean/USDCHF_H1_clean_v2_with_regime.csv",
  "train_bars": 3000,
  "test_bars": 1000,
  "step_bars": 1000,
  "created_at": "2025-11-19T17:37:47.197810+00:00",
  "sharpe_threshold": 1.0,
  "max_dd_threshold": 0.1,
  "base_validation": null,
  "windows": 27,
  "aggregates": {
    "sharpe": {
      "mean": 2.2516513450362674,
      "median": 2.391628011247706,
      "std": 2.3093703275592863,
      "p05": -0.7979421895217463,
      "p95": 6.318108471575636
    },
    "ann_return": {
      "mean": 0.05760259527558468,
      "median": 0.028234716584417452,
      "std": 0.0684396362547316,
      "p05": -0.020794431029894544,
      "p95": 0.19212860833700568
    },
    "ann_vol": {
      "mean": 0.02490890805456185,
      "median": 0.022914364984417387,
      "std": 0.010993857872203529,
      "p05": 0.010292472379833365,
      "p95": 0.04530665822123584
    },
    "max_drawdown": {
      "mean": -0.008407236330888272,
      "median": -0.007471612711716092,
      "std": 0.004065696411218739,
      "p05": -0.015532355681889288,
      "p95": -0.003765833319313889
    },
    "sortino": {
      "mean": 0.9130902598213199,
      "median": 0.653491574815865,
      "std": 0.9770883559357624,
      "p05": -0.3076324847415084,
      "p95": 2.8580796670889463
    },
    "calmar": {
      "mean": 9.921098522883673,
      "median": 5.475488143890291,
      "std": 13.473554153725594,
      "p05": -1.7392780795487208,
      "p95": 37.98160179377687
    }
  },
  "run_ids": [
    "20251119_173731",
    "20251119_173731",
    "20251119_173732",
    "20251119_173733",
    "20251119_173733",
    "20251119_173734",
    "20251119_173734",
    "20251119_173735",
    "20251119_173735",
    "20251119_173736",
    "20251119_173737",
    "20251119_173737",
    "20251119_173738",
    "20251119_173738",
    "20251119_173739",
    "20251119_173740",
    "20251119_173740",
    "20251119_173741",
    "20251119_173742",
    "20251119_173743",
    "20251119_173743",
    "20251119_173744",
    "20251119_173744",
    "20251119_173745",
    "20251119_173745",
    "20251119_173746",
    "20251119_173746"
  ],
  "passes": 18,
  "fails": 9
}