{
  "fast": 20,
  "slow": 80,
  "final_equity": 963759.3626782733,
  "ann_return": 0.02395065397824414,
  "ann_vol": 0.003728152286406061,
  "sharpe": 6.42426921925246,
  "max_drawdown": -0.0006535922443166526,
  "sortino": 1.9839712413139174,
  "calmar": 36.64464226206534,
  "max_drawdown_duration_bars": 136,
  "avg_drawdown_duration_bars": 11.2,
  "current_drawdown_duration_bars": 0,
  "recovery_time_bars": 136,
  "trades": 22,
  "atr_sl": 1.9,
  "atr_tp": 3.8,
  "atr_window": 14
}