{
  "fast": 20,
  "slow": 80,
  "final_equity": 992125.3213114814,
  "ann_return": 0.1430780321992584,
  "ann_vol": 0.04287068350289595,
  "sharpe": 3.337432961375421,
  "max_drawdown": -0.013392512277607913,
  "sortino": 1.335453035748397,
  "calmar": 10.683434835335772,
  "max_drawdown_duration_bars": 286,
  "avg_drawdown_duration_bars": 16.53846153846154,
  "current_drawdown_duration_bars": 286,
  "recovery_time_bars": 286,
  "trades": 32,
  "atr_sl": 2.0,
  "atr_tp": 4.0,
  "atr_window": 14
}