{
  "fast": 20,
  "slow": 80,
  "final_equity": 1033134.2730364159,
  "ann_return": 0.346613295657191,
  "ann_vol": 0.05241209249892166,
  "sharpe": 6.613231396253113,
  "max_drawdown": -0.00922182920472339,
  "sortino": 2.8957682965790106,
  "calmar": 37.58617601371937,
  "max_drawdown_duration_bars": 352,
  "avg_drawdown_duration_bars": 45.0,
  "current_drawdown_duration_bars": 0,
  "recovery_time_bars": 352,
  "trades": 20,
  "atr_sl": 2.0,
  "atr_tp": 4.0,
  "atr_window": 14
}