{
  "fast": 20,
  "slow": 80,
  "final_equity": 1020185.5022376972,
  "ann_return": 0.011975282069677462,
  "ann_vol": 0.007682507160446977,
  "sharpe": 1.5587726531947321,
  "max_drawdown": -0.02241191721566064,
  "sortino": 0.7404585765982816,
  "calmar": 0.5343265350502708,
  "max_drawdown_duration_bars": 12321,
  "avg_drawdown_duration_bars": 74.14150943396227,
  "current_drawdown_duration_bars": 12321,
  "recovery_time_bars": 12321,
  "trades": 1172,
  "atr_sl": 1.9,
  "atr_tp": 3.8,
  "atr_window": 14,
  "data_report": "data/outputs/stats/data_reports/data_USDJPY_H1_20x80_ATR1.9x3.8_W14_ABOVE_SHORT_BELOW.json",
  "data_validation": {
    "severity": "warn",
    "messages": [
      "Non-zero timestamp gaps detected (ratio=0.0085).",
      "Detected numeric outliers (threshold z>5.0)."
    ]
  }
}