{
  "fast": 20,
  "slow": 80,
  "final_equity": 1008513.7137964026,
  "ann_return": 0.009683122528495236,
  "ann_vol": 0.004246981573522206,
  "sharpe": 2.2800010691980948,
  "max_drawdown": -0.009460464128308112,
  "sortino": 1.4475236405942669,
  "calmar": 1.0235356740607338,
  "max_drawdown_duration_bars": 9638,
  "avg_drawdown_duration_bars": 49.32963988919668,
  "current_drawdown_duration_bars": 9638,
  "recovery_time_bars": 9638,
  "trades": 2894,
  "atr_sl": 1.9,
  "atr_tp": 3.8,
  "atr_window": 14,
  "data_report": "data/outputs/stats/data_reports/data_USDJPY_H1_20x80_ATR1.9x3.8_W14_ABOVE_SHORT_BELOW.json",
  "data_validation": {
    "severity": "warn",
    "messages": [
      "Non-zero timestamp gaps detected (ratio=0.0085).",
      "Detected numeric outliers (threshold z>5.0)."
    ]
  }
}