{
  "win_rate": 0.5569422776911076,
  "avg_win": 3059.093958800369,
  "avg_loss": 2379.8670896406516,
  "rr": 1.2854053791979942,
  "expectancy": 649.3202649513051,
  "median_hold": "0 days 13:00:00"
}