{
  "win_rate": 0.4260355029585799,
  "avg_win": 1807.669437942822,
  "avg_loss": 1156.30926507711,
  "rr": 1.5633096547248329,
  "expectancy": 106.45089242250596,
  "median_hold": "0 days 05:00:00"
}