{
  "win_rate": 0.7777777777777778,
  "avg_win": 184.74856971333952,
  "avg_loss": 134.9057353188844,
  "rr": 1.3694641615987544,
  "expectancy": 113.71427970617866,
  "median_hold": "0 days 10:00:00"
}