{
  "win_rate": 0.5132530120481927,
  "avg_win": 393.95874710842145,
  "avg_loss": 337.4308747552849,
  "rr": 1.1675243037381575,
  "expectancy": 37.95705164705114,
  "median_hold": "0 days 08:00:00"
}