{
  "win_rate": 0.45345744680851063,
  "avg_win": 3793.03510513564,
  "avg_loss": 3143.4017740125487,
  "rr": 1.2066657009911383,
  "expectancy": 1.9771831543824365,
  "median_hold": "0 days 06:00:00"
}