{
  "win_rate": 0.5056179775280899,
  "avg_win": 148.15754280216103,
  "avg_loss": 187.78998300483383,
  "rr": 0.7889533852204852,
  "expectancy": -17.928874450735314,
  "median_hold": "0 days 02:00:00"
}