{
  "win_rate": 0.0,
  "avg_win": null,
  "avg_loss": 115.96279257719486,
  "rr": null,
  "expectancy": -115.96279257719486,
  "median_hold": "0 days 08:00:00"
}