{
  "win_rate": 1.0,
  "avg_win": 159.25574348007046,
  "avg_loss": null,
  "rr": null,
  "expectancy": 159.25574348007046,
  "median_hold": "0 days 09:00:00"
}