{
  "win_rate": 0.3333333333333333,
  "avg_win": 98631.9416079345,
  "avg_loss": 55143.1807692524,
  "rr": 1.788651656143333,
  "expectancy": -3884.8066435234336,
  "median_hold": "0 days 05:00:00"
}