{
  "win_rate": 0.5604395604395604,
  "avg_win": 4928.0647191248445,
  "avg_loss": 2686.1809797534415,
  "rr": 1.8345989180435565,
  "expectancy": 1581.1435328047185,
  "median_hold": "0 days 12:00:00"
}