{
  "win_rate": 0.4200404858299595,
  "avg_win": 391.3125464582601,
  "avg_loss": 271.22788419052995,
  "rr": 1.4427445305858526,
  "expectancy": 7.0659201811784085,
  "median_hold": "0 days 10:00:00"
}