{
  "win_rate": 0.5176470588235295,
  "avg_win": 3526.5391780354894,
  "avg_loss": 2204.2311812063413,
  "rr": 1.5998953322606886,
  "expectancy": 762.2852400482534,
  "median_hold": "0 days 10:00:00"
}