{
  "win_rate": 0.6666666666666666,
  "avg_win": 85075.1916015255,
  "avg_loss": 59401.82871709721,
  "rr": 1.4321981905085508,
  "expectancy": 36916.18482865126,
  "median_hold": "0 days 19:00:00"
}