{
  "win_rate": 0.6666666666666666,
  "avg_win": 100375.69536556542,
  "avg_loss": 57043.36246617352,
  "rr": 1.7596384754683385,
  "expectancy": 47902.6760883191,
  "median_hold": "0 days 20:00:00"
}