{
  "win_rate": 0.5152129817444219,
  "avg_win": 219.53502014389468,
  "avg_loss": 144.68615237588716,
  "rr": 1.5173188072176667,
  "expectancy": 42.965323932479116,
  "median_hold": "0 days 12:00:00"
}