{
  "win_rate": 0.5,
  "avg_win": 59059.99255827529,
  "avg_loss": 57016.25204702538,
  "rr": 1.0358448764672272,
  "expectancy": 1021.8702556249573,
  "median_hold": "0 days 06:30:00"
}