{
  "fast": 20,
  "slow": 80,
  "final_equity": 1012483.7333508078,
  "ann_return": 0.0781319105628746,
  "ann_vol": 0.015537462025292728,
  "sharpe": 5.028614740019137,
  "max_drawdown": -0.0032440271854751344,
  "sortino": 1.8660134128334223,
  "calmar": 24.084850741295828,
  "max_drawdown_duration_bars": 225,
  "avg_drawdown_duration_bars": 35.6,
  "current_drawdown_duration_bars": 181,
  "recovery_time_bars": 225,
  "trades": 14,
  "atr_sl": 1.9,
  "atr_tp": 3.8,
  "atr_window": 14
}