{
  "fast": 20,
  "slow": 80,
  "final_equity": 961586.1101748818,
  "ann_return": 0.010048560376716864,
  "ann_vol": 0.00288819259582255,
  "sharpe": 3.4791863919501043,
  "max_drawdown": -0.0008914621929387637,
  "sortino": 1.347065118468854,
  "calmar": 11.27199835989805,
  "max_drawdown_duration_bars": 213,
  "avg_drawdown_duration_bars": 30.125,
  "current_drawdown_duration_bars": 131,
  "recovery_time_bars": 213,
  "trades": 30,
  "atr_sl": 1.9,
  "atr_tp": 3.8,
  "atr_window": 14
}