{
  "fast": 20,
  "slow": 80,
  "final_equity": 1176441.0407911865,
  "ann_return": 0.03243083452182649,
  "ann_vol": 0.016817598046552567,
  "sharpe": 1.928386826231376,
  "max_drawdown": -0.01796684716713549,
  "sortino": 0.44399855293948765,
  "calmar": 1.8050375906323823,
  "max_drawdown_duration_bars": 7325,
  "avg_drawdown_duration_bars": 262.42105263157896,
  "current_drawdown_duration_bars": 279,
  "recovery_time_bars": 7325,
  "trades": 178,
  "atr_sl": 1.9,
  "atr_tp": 3.8,
  "atr_window": 14,
  "data_report": "data/outputs/stats/data_reports/data_AUDUSD_H1_20x80_ATR1.9x3.8_W14_ABOVE_SHORT_BELOW.json",
  "data_validation": {
    "severity": "warn",
    "messages": [
      "Non-zero timestamp gaps detected (ratio=0.0085).",
      "Columns contain nulls (max ratio=0.0026).",
      "Detected numeric outliers (threshold z>5.0)."
    ]
  }
}