{
  "fast": 20,
  "slow": 80,
  "final_equity": 1004499.9548245763,
  "ann_return": 0.027609658480436394,
  "ann_vol": 0.010354339824289767,
  "sharpe": 2.666481779520909,
  "max_drawdown": -0.0041936160299346345,
  "sortino": 0.653491574815865,
  "calmar": 6.583735440573166,
  "max_drawdown_duration_bars": 137,
  "avg_drawdown_duration_bars": 69.0,
  "current_drawdown_duration_bars": 0,
  "recovery_time_bars": 137,
  "trades": 4,
  "atr_sl": 1.9,
  "atr_tp": 3.8,
  "atr_window": 14
}