{
  "fast": 20,
  "slow": 80,
  "final_equity": 960272.1270106231,
  "ann_return": 0.0017190241629478908,
  "ann_vol": 0.0018312307448033888,
  "sharpe": 0.9387261369579369,
  "max_drawdown": -0.0006031841869710446,
  "sortino": 0.06769286806281871,
  "calmar": 2.849915830154896,
  "max_drawdown_duration_bars": 638,
  "avg_drawdown_duration_bars": 1.0,
  "current_drawdown_duration_bars": 638,
  "recovery_time_bars": 638,
  "trades": 2,
  "atr_sl": 1.9,
  "atr_tp": 3.8,
  "atr_window": 14
}