{
  "fast": 20,
  "slow": 80,
  "final_equity": 1015468.0886699941,
  "ann_return": 0.09830848823642091,
  "ann_vol": 0.041105258750140504,
  "sharpe": 2.391628011247706,
  "max_drawdown": -0.011408465391013449,
  "sortino": 1.3494041552943634,
  "calmar": 8.617152690304815,
  "max_drawdown_duration_bars": 338,
  "avg_drawdown_duration_bars": 41.4,
  "current_drawdown_duration_bars": 99,
  "recovery_time_bars": 338,
  "trades": 22,
  "atr_sl": 1.9,
  "atr_tp": 3.8,
  "atr_window": 14
}