{
  "fast": 20,
  "slow": 80,
  "final_equity": 962718.4063866645,
  "ann_return": 0.011475217457138864,
  "ann_vol": 0.0014827472812910442,
  "sharpe": 7.739159330743987,
  "max_drawdown": -0.00014662286651687592,
  "sortino": 3.3060875989952847,
  "calmar": 78.2634914303636,
  "max_drawdown_duration_bars": 109,
  "avg_drawdown_duration_bars": 11.45,
  "current_drawdown_duration_bars": 0,
  "recovery_time_bars": 109,
  "trades": 32,
  "atr_sl": 1.9,
  "atr_tp": 3.8,
  "atr_window": 14
}