{
  "metrics": {
    "train_acc": 0.5940337224383917,
    "val_acc": 0.46368352788586253,
    "test_acc": 0.45590142671854733,
    "train_confusion": [
      [
        2901,
        29,
        3986
      ],
      [
        580,
        101,
        2187
      ],
      [
        726,
        4,
        7990
      ]
    ],
    "val_confusion": [
      [
        582,
        2,
        1735
      ],
      [
        183,
        15,
        711
      ],
      [
        655,
        22,
        2263
      ]
    ],
    "test_confusion": [
      [
        572,
        0,
        2102
      ],
      [
        118,
        0,
        636
      ],
      [
        500,
        0,
        2240
      ]
    ]
  },
  "class_mapping": {
    "trend_down": 0,
    "chop": 1,
    "trend_up": 2
  }
}