{
  "fast": 20,
  "slow": 80,
  "final_equity": 960121.7063033769,
  "ann_return": 0.0005116660249355753,
  "ann_vol": 0.00034684647330299857,
  "sharpe": 1.4751945437501781,
  "max_drawdown": -8.341693344446303e-05,
  "sortino": 0.29838581290631927,
  "calmar": 6.133838823938909,
  "max_drawdown_duration_bars": 923,
  "avg_drawdown_duration_bars": 15.8,
  "current_drawdown_duration_bars": 923,
  "recovery_time_bars": 923,
  "trades": 6,
  "atr_sl": 1.9,
  "atr_tp": 3.8,
  "atr_window": 14
}