{
  "fast": 20,
  "slow": 80,
  "final_equity": 1016077.9626396613,
  "ann_return": 0.10179297240703788,
  "ann_vol": 0.027451784359150862,
  "sharpe": 3.7080639668184596,
  "max_drawdown": -0.010505787564630997,
  "sortino": 1.3782813020651246,
  "calmar": 9.689228130762535,
  "max_drawdown_duration_bars": 95,
  "avg_drawdown_duration_bars": 13.785714285714286,
  "current_drawdown_duration_bars": 51,
  "recovery_time_bars": 95,
  "trades": 18,
  "atr_sl": 1.9,
  "atr_tp": 3.8,
  "atr_window": 14
}