{
  "fast": 20,
  "slow": 80,
  "final_equity": 960236.298350635,
  "ann_return": 0.000994075966620711,
  "ann_vol": 0.0010859469224277461,
  "sharpe": 0.9154001416554982,
  "max_drawdown": -0.00042820168847153414,
  "sortino": 0.4033167499390802,
  "calmar": 2.3215134208579724,
  "max_drawdown_duration_bars": 919,
  "avg_drawdown_duration_bars": 13.357142857142858,
  "current_drawdown_duration_bars": 919,
  "recovery_time_bars": 919,
  "trades": 26,
  "atr_sl": 1.9,
  "atr_tp": 3.8,
  "atr_window": 14
}