{
  "label_mode": "binary",
  "p_long": 0.5750000000000001,
  "p_exit": 0.45,
  "val_metrics": {
    "long": {
      "sharpe": -4.85817140848626,
      "trades": 1087
    }
  },
  "test_metrics": {
    "long": {
      "sharpe": -10.732850068113954,
      "trades": 1261
    }
  }
}