{
  "fast": 20,
  "slow": 80,
  "final_equity": 1416038.4932887882,
  "ann_return": 0.07094567328435009,
  "ann_vol": 0.03223345629935149,
  "sharpe": 2.200994911171765,
  "max_drawdown": -0.04068691447280268,
  "sortino": 1.317014146687099,
  "calmar": 1.743697554941749,
  "max_drawdown_duration_bars": 10687,
  "avg_drawdown_duration_bars": 48.01714285714286,
  "current_drawdown_duration_bars": 10687,
  "recovery_time_bars": 10687,
  "trades": 1282,
  "atr_sl": 1.9,
  "atr_tp": 3.8,
  "atr_window": 14,
  "data_report": "data/outputs/stats/data_reports/data_EURUSD_H1_20x80_ATR1.9x3.8_W14_ABOVE_SHORT_BELOW.json",
  "data_validation": {
    "severity": "warn",
    "messages": [
      "Non-zero timestamp gaps detected (ratio=0.0085).",
      "Columns contain nulls (max ratio=0.0026).",
      "Detected numeric outliers (threshold z>5.0)."
    ]
  }
}