{
  "fast": 20,
  "slow": 80,
  "final_equity": 1544599.4449778483,
  "ann_return": 0.09416443088085313,
  "ann_vol": 0.10010904364985727,
  "sharpe": 0.940618623929761,
  "max_drawdown": -0.10218972176362295,
  "sortino": 0.0750858715607814,
  "calmar": 0.9214667508212492,
  "max_drawdown_duration_bars": 30601,
  "avg_drawdown_duration_bars": 4.161290322580645,
  "current_drawdown_duration_bars": 30601,
  "recovery_time_bars": 30601,
  "trades": 34,
  "atr_sl": 1.9,
  "atr_tp": 3.8,
  "atr_window": 14,
  "data_report": "data/outputs/stats/data_reports/data_GBPJPY_H1_20x80_ATR1.9x3.8_W14_ABOVE_SHORT_BELOW.json",
  "data_validation": {
    "severity": "warn",
    "messages": [
      "Non-zero timestamp gaps detected (ratio=0.0085).",
      "Columns contain nulls (max ratio=0.0026).",
      "Detected numeric outliers (threshold z>5.0)."
    ]
  }
}