{
  "label": "gbpjpy_h1_xgb_baseline",
  "session_dir": "results/walkforward_fx_top6/walkforward_gbpjpy_h1_xgb_baseline_20251119_161238",
  "source_csv": "QuantResearch/data/clean/GBPJPY_H1_clean_v2_with_regime.csv",
  "train_bars": 3000,
  "test_bars": 1000,
  "step_bars": 1000,
  "created_at": "2025-11-19T16:12:53.992211+00:00",
  "sharpe_threshold": 1.0,
  "max_dd_threshold": 0.1,
  "base_validation": null,
  "windows": 27,
  "aggregates": {
    "sharpe": {
      "mean": 12.016458206958399,
      "median": 3.3733544443116403,
      "std": 21.8816831316915,
      "p05": -1.8113697175711552,
      "p95": 59.87254007674558
    },
    "ann_return": {
      "mean": 5.644320965478772,
      "median": 1.147460793827559,
      "std": 10.83908000618124,
      "p05": -0.38198225503524086,
      "p95": 33.189516971504375
    },
    "ann_vol": {
      "mean": 0.3407737374646145,
      "median": 0.3350536834504412,
      "std": 0.10560952306223753,
      "p05": 0.1934555875737436,
      "p95": 0.4752517316955154
    },
    "max_drawdown": {
      "mean": -0.099071855435583,
      "median": -0.10476125858194837,
      "std": 0.01582883235153114,
      "p05": -0.11788394740256307,
      "p95": -0.07344330740395366
    },
    "sortino": {
      "mean": 6.2371144984820965,
      "median": 1.2980397683283191,
      "std": 12.224959704203567,
      "p05": -0.42154176749712535,
      "p95": 33.342730836112615
    },
    "calmar": {
      "mean": 64.9130129986927,
      "median": 10.56318436097515,
      "std": 122.45740443732889,
      "p05": -3.457942783647047,
      "p95": 369.5456703518677
    }
  },
  "run_ids": [
    "20251119_161238",
    "20251119_161238",
    "20251119_161239",
    "20251119_161239",
    "20251119_161240",
    "20251119_161240",
    "20251119_161242",
    "20251119_161242",
    "20251119_161243",
    "20251119_161243",
    "20251119_161244",
    "20251119_161245",
    "20251119_161245",
    "20251119_161245",
    "20251119_161246",
    "20251119_161246",
    "20251119_161247",
    "20251119_161247",
    "20251119_161247",
    "20251119_161249",
    "20251119_161249",
    "20251119_161250",
    "20251119_161250",
    "20251119_161252",
    "20251119_161252",
    "20251119_161253",
    "20251119_161253"
  ],
  "passes": 9,
  "fails": 18
}