{
  "fast": 20,
  "slow": 80,
  "final_equity": 1003838.9369200008,
  "ann_return": 0.023497116994782186,
  "ann_vol": 0.007578348116801012,
  "sharpe": 3.1005592026961195,
  "max_drawdown": -0.0010466515520772312,
  "sortino": 0.6342426220897127,
  "calmar": 22.44979902637966,
  "max_drawdown_duration_bars": 354,
  "avg_drawdown_duration_bars": 72.4,
  "current_drawdown_duration_bars": 129,
  "recovery_time_bars": 354,
  "trades": 4,
  "atr_sl": 1.9,
  "atr_tp": 3.8,
  "atr_window": 14
}