{
  "fast": 20,
  "slow": 80,
  "final_equity": 19402590.789702475,
  "ann_return": 0.8273464474943981,
  "ann_vol": 0.21569686353523684,
  "sharpe": 3.8356906722440147,
  "max_drawdown": -0.12961760715814352,
  "sortino": 1.0308487727121294,
  "calmar": 6.3829788686422155,
  "max_drawdown_duration_bars": 25293,
  "avg_drawdown_duration_bars": 20.377906976744185,
  "current_drawdown_duration_bars": 25293,
  "recovery_time_bars": 25293,
  "trades": 216,
  "atr_sl": 1.9,
  "atr_tp": 3.8,
  "atr_window": 14,
  "data_report": "data/outputs/stats/data_reports/data_GBPJPY_H1_20x80_ATR1.9x3.8_W14_ABOVE_SHORT_BELOW.json",
  "data_validation": {
    "severity": "warn",
    "messages": [
      "Non-zero timestamp gaps detected (ratio=0.0085).",
      "Columns contain nulls (max ratio=0.0026).",
      "Detected numeric outliers (threshold z>5.0)."
    ]
  }
}