{
  "fast": 20,
  "slow": 80,
  "final_equity": 1071683.1953938322,
  "ann_return": 0.013755623948062068,
  "ann_vol": 0.015765734538025104,
  "sharpe": 0.8725013043245854,
  "max_drawdown": -0.015337092840815223,
  "sortino": 0.13902524932318003,
  "calmar": 0.8968860064180785,
  "max_drawdown_duration_bars": 6196,
  "avg_drawdown_duration_bars": 423.26666666666665,
  "current_drawdown_duration_bars": 3794,
  "recovery_time_bars": 6196,
  "trades": 104,
  "atr_sl": 1.9,
  "atr_tp": 3.8,
  "atr_window": 14,
  "data_report": "data/outputs/stats/data_reports/data_EURUSD_H1_20x80_ATR1.9x3.8_W14_ABOVE_SHORT_BELOW.json",
  "data_validation": {
    "severity": "warn",
    "messages": [
      "Non-zero timestamp gaps detected (ratio=0.0085).",
      "Columns contain nulls (max ratio=0.0026).",
      "Detected numeric outliers (threshold z>5.0)."
    ]
  }
}