{
  "fast": 20,
  "slow": 80,
  "final_equity": 1074889.7762939122,
  "ann_return": 0.014376214467795023,
  "ann_vol": 0.017435395288696143,
  "sharpe": 0.8245419292050997,
  "max_drawdown": -0.10152020104903155,
  "sortino": 0.26270197401385226,
  "calmar": 0.14160939713714413,
  "max_drawdown_duration_bars": 25236,
  "avg_drawdown_duration_bars": 24.369318181818183,
  "current_drawdown_duration_bars": 25236,
  "recovery_time_bars": 25236,
  "trades": 594,
  "atr_sl": 1.9,
  "atr_tp": 3.8,
  "atr_window": 14,
  "data_report": "data/outputs/stats/data_reports/data_AUDUSD_H1_20x80_ATR1.9x3.8_W14_ABOVE_SHORT_BELOW.json",
  "data_validation": {
    "severity": "warn",
    "messages": [
      "Non-zero timestamp gaps detected (ratio=0.0085).",
      "Columns contain nulls (max ratio=0.0026).",
      "Detected numeric outliers (threshold z>5.0)."
    ]
  }
}