{
  "fast": 20,
  "slow": 80,
  "final_equity": 988888.2415497915,
  "ann_return": 0.005811469575543793,
  "ann_vol": 0.0031011654236521653,
  "sharpe": 1.8739631014909774,
  "max_drawdown": -0.0035474144051144216,
  "sortino": 0.7850335786430069,
  "calmar": 1.6382268638152933,
  "max_drawdown_duration_bars": 7004,
  "avg_drawdown_duration_bars": 147.1987951807229,
  "current_drawdown_duration_bars": 3250,
  "recovery_time_bars": 7004,
  "trades": 1348,
  "atr_sl": 1.9,
  "atr_tp": 3.8,
  "atr_window": 14,
  "data_report": "data/outputs/stats/data_reports/data_USDJPY_H1_20x80_ATR1.9x3.8_W14_ABOVE_SHORT_BELOW.json",
  "data_validation": {
    "severity": "warn",
    "messages": [
      "Non-zero timestamp gaps detected (ratio=0.0085).",
      "Columns contain nulls (max ratio=0.0026).",
      "Detected numeric outliers (threshold z>5.0)."
    ]
  }
}