{
  "fast": 20,
  "slow": 80,
  "final_equity": 960688.8464085936,
  "ann_return": 0.0028988558115650154,
  "ann_vol": 0.0011098122304063298,
  "sharpe": 2.6120236668356704,
  "max_drawdown": -0.00037053514248428735,
  "sortino": 0.8264039900004717,
  "calmar": 7.8234301667835515,
  "max_drawdown_duration_bars": 588,
  "avg_drawdown_duration_bars": 52.125,
  "current_drawdown_duration_bars": 0,
  "recovery_time_bars": 588,
  "trades": 20,
  "atr_sl": 1.9,
  "atr_tp": 3.8,
  "atr_window": 14
}