{
  "label_mode": "binary",
  "p_long": 0.55,
  "p_exit": 0.45,
  "val_metrics": {
    "long": {
      "sharpe": -13.268377241207737,
      "trades": 337
    }
  },
  "test_metrics": {
    "long": {
      "sharpe": 0.21349343507763788,
      "trades": 458
    }
  }
}