{
  "fast": 20,
  "slow": 80,
  "final_equity": 1033517.046693875,
  "ann_return": 0.006756900445320735,
  "ann_vol": 0.023984440664870977,
  "sharpe": 0.28172015932050853,
  "max_drawdown": -0.041671172437767905,
  "sortino": 0.10994738241118074,
  "calmar": 0.16214807623691294,
  "max_drawdown_duration_bars": 11951,
  "avg_drawdown_duration_bars": 887.969696969697,
  "current_drawdown_duration_bars": 601,
  "recovery_time_bars": 11951,
  "trades": 760,
  "atr_sl": 1.9,
  "atr_tp": 3.8,
  "atr_window": 14,
  "data_report": "data/outputs/stats/data_reports/data_AUDUSD_H1_20x80_ATR1.9x3.8_W14_ABOVE_SHORT_BELOW.json",
  "data_validation": {
    "severity": "warn",
    "messages": [
      "Non-zero timestamp gaps detected (ratio=0.0085).",
      "Columns contain nulls (max ratio=0.0026).",
      "Detected numeric outliers (threshold z>5.0)."
    ]
  }
}