{
  "fast": 20,
  "slow": 80,
  "final_equity": 1060091.0980897658,
  "ann_return": 0.011489828408455027,
  "ann_vol": 0.005237207453538497,
  "sharpe": 2.1938845291858686,
  "max_drawdown": -0.005158794267189035,
  "sortino": 1.2309911210767879,
  "calmar": 2.22723136713023,
  "max_drawdown_duration_bars": 2745,
  "avg_drawdown_duration_bars": 74.14739884393063,
  "current_drawdown_duration_bars": 2475,
  "recovery_time_bars": 2745,
  "trades": 1652,
  "atr_sl": 1.9,
  "atr_tp": 3.8,
  "atr_window": 14
}