{
  "fast": 20,
  "slow": 80,
  "final_equity": 994308.3066544526,
  "ann_return": -0.0009691482008369334,
  "ann_vol": 0.01712188204863925,
  "sharpe": -0.05660290136819134,
  "max_drawdown": -0.04276042548862536,
  "sortino": -0.016485713591736062,
  "calmar": -0.022664606110964335,
  "max_drawdown_duration_bars": 25576,
  "avg_drawdown_duration_bars": 183.25,
  "current_drawdown_duration_bars": 25576,
  "recovery_time_bars": 25576,
  "trades": 710,
  "atr_sl": 1.9,
  "atr_tp": 3.8,
  "atr_window": 14,
  "data_report": "data/outputs/stats/data_reports/data_USDCHF_H1_20x80_ATR1.9x3.8_W14_ABOVE_SHORT_BELOW.json",
  "data_validation": {
    "severity": "warn",
    "messages": [
      "Non-zero timestamp gaps detected (ratio=0.0085).",
      "Columns contain nulls (max ratio=0.0026).",
      "Detected numeric outliers (threshold z>5.0)."
    ]
  }
}