{
  "fast": 20,
  "slow": 80,
  "final_equity": 959682.2942535938,
  "ann_return": -0.001325422178696134,
  "ann_vol": 0.0042848873122562315,
  "sharpe": -0.3093248625010457,
  "max_drawdown": -0.002969089479365775,
  "sortino": -0.22076742541003366,
  "calmar": -0.4464069499782325,
  "max_drawdown_duration_bars": 897,
  "avg_drawdown_duration_bars": 28.0,
  "current_drawdown_duration_bars": 897,
  "recovery_time_bars": 897,
  "trades": 216,
  "atr_sl": 1.9,
  "atr_tp": 3.8,
  "atr_window": 14
}