{
  "fast": 20,
  "slow": 80,
  "final_equity": 1091118.9635091487,
  "ann_return": 0.7927580106494208,
  "ann_vol": 0.3350536834504412,
  "sharpe": 2.3660626634080266,
  "max_drawdown": -0.11916057091385399,
  "sortino": 0.7224386166119586,
  "calmar": 6.652855089310857,
  "max_drawdown_duration_bars": 636,
  "avg_drawdown_duration_bars": 33.42857142857143,
  "current_drawdown_duration_bars": 636,
  "recovery_time_bars": 636,
  "trades": 14,
  "atr_sl": 1.9,
  "atr_tp": 3.8,
  "atr_window": 14
}