{
  "fast": 20,
  "slow": 80,
  "final_equity": 942736.5200494283,
  "ann_return": -0.010403953435787372,
  "ann_vol": 0.046320372415624894,
  "sharpe": -0.224608587824693,
  "max_drawdown": -0.10202101299701842,
  "sortino": -0.11375159916369085,
  "calmar": -0.10197853491311078,
  "max_drawdown_duration_bars": 21408,
  "avg_drawdown_duration_bars": 288.51612903225805,
  "current_drawdown_duration_bars": 21408,
  "recovery_time_bars": 21408,
  "trades": 1358,
  "atr_sl": 1.9,
  "atr_tp": 3.8,
  "atr_window": 14,
  "data_report": "data/outputs/stats/data_reports/data_GBPUSD_H1_20x80_ATR1.9x3.8_W14_ABOVE_SHORT_BELOW.json",
  "data_validation": {
    "severity": "warn",
    "messages": [
      "Non-zero timestamp gaps detected (ratio=0.0085).",
      "Columns contain nulls (max ratio=0.0026).",
      "Detected numeric outliers (threshold z>5.0)."
    ]
  }
}