{
  "fast": 20,
  "slow": 80,
  "final_equity": 960097.9722476063,
  "ann_return": 0.0004119995643983021,
  "ann_vol": 0.0005964874177756255,
  "sharpe": 0.6907095642263483,
  "max_drawdown": -0.00023254654571591094,
  "sortino": 0.11794899677386893,
  "calmar": 1.7716864515442807,
  "max_drawdown_duration_bars": 743,
  "avg_drawdown_duration_bars": 248.33333333333334,
  "current_drawdown_duration_bars": 44,
  "recovery_time_bars": 743,
  "trades": 10,
  "atr_sl": 1.9,
  "atr_tp": 3.8,
  "atr_window": 14
}