{
  "fast": 20,
  "slow": 80,
  "final_equity": 964795.7620354781,
  "ann_return": 0.020311405435918806,
  "ann_vol": 0.00220088103699923,
  "sharpe": 9.228761161762835,
  "max_drawdown": -0.00029459308420909174,
  "sortino": 6.461994592972648,
  "calmar": 68.94732607335239,
  "max_drawdown_duration_bars": 128,
  "avg_drawdown_duration_bars": 16.06382978723404,
  "current_drawdown_duration_bars": 11,
  "recovery_time_bars": 128,
  "trades": 56,
  "atr_sl": 1.9,
  "atr_tp": 3.8,
  "atr_window": 14
}