{
  "label": "usdchf_h1_xgb_baseline",
  "session_dir": "results/walkforward_fx_top6/walkforward_usdchf_h1_xgb_baseline_20251119_161201",
  "source_csv": "QuantResearch/data/clean/USDCHF_H1_clean_v2_with_regime.csv",
  "train_bars": 3000,
  "test_bars": 1000,
  "step_bars": 1000,
  "created_at": "2025-11-19T16:12:13.859791+00:00",
  "sharpe_threshold": 1.0,
  "max_dd_threshold": 0.1,
  "base_validation": null,
  "windows": 27,
  "aggregates": {
    "sharpe": {
      "mean": 1.2113419417135902,
      "median": 1.563646749206903,
      "std": 3.2817675948814427,
      "p05": -3.1620464469071474,
      "p95": 6.0653747401333895
    },
    "ann_return": {
      "mean": 0.024976858913574138,
      "median": 0.02843085049081684,
      "std": 0.0647748570801488,
      "p05": -0.06446984105617234,
      "p95": 0.12528212045527687
    },
    "ann_vol": {
      "mean": 0.01844278861086293,
      "median": 0.016326083181537072,
      "std": 0.00690812011025741,
      "p05": 0.011347057020691284,
      "p95": 0.03364676186362685
    },
    "max_drawdown": {
      "mean": -0.00680113875921522,
      "median": -0.006350500521418358,
      "std": 0.004155182884634238,
      "p05": -0.014878451805897662,
      "p95": -0.0022164867038150762
    },
    "sortino": {
      "mean": 0.5330697092503192,
      "median": 0.49712283514838884,
      "std": 1.0211671981525219,
      "p05": -0.6957004828522538,
      "p95": 2.297413147011167
    },
    "calmar": {
      "mean": 9.973624843547547,
      "median": 5.532002065496988,
      "std": 16.45221921424504,
      "p05": -5.436909637325884,
      "p95": 36.77874355059025
    }
  },
  "run_ids": [
    "20251119_161201",
    "20251119_161202",
    "20251119_161202",
    "20251119_161203",
    "20251119_161203",
    "20251119_161204",
    "20251119_161204",
    "20251119_161204",
    "20251119_161205",
    "20251119_161205",
    "20251119_161205",
    "20251119_161206",
    "20251119_161206",
    "20251119_161207",
    "20251119_161207",
    "20251119_161207",
    "20251119_161208",
    "20251119_161208",
    "20251119_161208",
    "20251119_161209",
    "20251119_161209",
    "20251119_161211",
    "20251119_161211",
    "20251119_161212",
    "20251119_161212",
    "20251119_161213",
    "20251119_161213"
  ],
  "passes": 15,
  "fails": 12
}