{
  "fast": 20,
  "slow": 80,
  "final_equity": 960481.4886197494,
  "ann_return": 0.002025603593929892,
  "ann_vol": 0.0009603840484829418,
  "sharpe": 2.1091599731686617,
  "max_drawdown": -0.0002964671372165681,
  "sortino": 0.7182359650585649,
  "calmar": 6.832472607074141,
  "max_drawdown_duration_bars": 965,
  "avg_drawdown_duration_bars": 25.25,
  "current_drawdown_duration_bars": 965,
  "recovery_time_bars": 965,
  "trades": 18,
  "atr_sl": 1.9,
  "atr_tp": 3.8,
  "atr_window": 14
}