{
  "fast": 20,
  "slow": 80,
  "final_equity": 1552702.2860942949,
  "ann_return": 0.09341939020451462,
  "ann_vol": 0.08120740254272431,
  "sharpe": 1.1503802274104928,
  "max_drawdown": -0.10125578209735818,
  "sortino": 0.11924167412299548,
  "calmar": 0.9226079564986341,
  "max_drawdown_duration_bars": 29860,
  "avg_drawdown_duration_bars": 11.724137931034482,
  "current_drawdown_duration_bars": 29860,
  "recovery_time_bars": 29860,
  "trades": 26,
  "atr_sl": 1.9,
  "atr_tp": 3.8,
  "atr_window": 14
}