{
  "label": "usdjpy_xgb_v2",
  "retention": "wf_baseline",
  "session_dir": "results/walkforward_usdjpy_xgb_v2_20251116_134927",
  "source_csv": "QuantResearch/data/clean/USDJPY_H1_clean_v2.csv",
  "train_bars": 6000,
  "test_bars": 1500,
  "step_bars": 1500,
  "created_at": "2025-11-16T13:49:39.615253+00:00",
  "sharpe_threshold": 1.0,
  "max_dd_threshold": 0.1,
  "base_validation": null,
  "windows": 16,
  "aggregates": {
    "sharpe": {
      "mean": 2.3365418829753164,
      "median": 0.958906030570077,
      "std": 2.9739560154170586,
      "p05": -1.5282711012673396,
      "p95": 6.64082754217346
    },
    "ann_return": {
      "mean": 0.1361333854241541,
      "median": 0.05195998272880609,
      "std": 0.17391893973846262,
      "p05": -0.06613043162646925,
      "p95": 0.4291788182639015
    },
    "ann_vol": {
      "mean": 0.05465004848046652,
      "median": 0.05135046320188222,
      "std": 0.015433970531785723,
      "p05": 0.03636148034480889,
      "p95": 0.0791672678773069
    },
    "max_drawdown": {
      "mean": -0.021231954131242167,
      "median": -0.018957678680784976,
      "std": 0.011035477422306657,
      "p05": -0.04074907456472455,
      "p95": -0.008969708020208363
    },
    "sortino": {
      "mean": 0.9622015415240902,
      "median": 0.2752875116288243,
      "std": 1.1497716598174288,
      "p05": -0.3747948610191071,
      "p95": 2.748786032834492
    },
    "calmar": {
      "mean": 11.839773066597274,
      "median": 2.636986082299104,
      "std": 14.429039327910425,
      "p05": -1.6686363129626172,
      "p95": 36.738643722588556
    }
  },
  "run_ids": [
    "20251116_134927",
    "20251116_134928",
    "20251116_134929",
    "20251116_134930",
    "20251116_134931",
    "20251116_134932",
    "20251116_134932",
    "20251116_134933",
    "20251116_134933",
    "20251116_134934",
    "20251116_134935",
    "20251116_134936",
    "20251116_134936",
    "20251116_134937",
    "20251116_134937",
    "20251116_134938"
  ],
  "passes": 8,
  "fails": 8
}
