{
  "fast": 20,
  "slow": 80,
  "final_equity": 1001168.3163142807,
  "ann_return": 0.060237552135900874,
  "ann_vol": 0.31949399997204536,
  "sharpe": 0.18854048007527982,
  "max_drawdown": -0.11462628682965871,
  "sortino": 0.04978738566167964,
  "calmar": 0.5255125486653629,
  "max_drawdown_duration_bars": 720,
  "avg_drawdown_duration_bars": 76.5,
  "current_drawdown_duration_bars": 720,
  "recovery_time_bars": 720,
  "trades": 8,
  "atr_sl": 1.9,
  "atr_tp": 3.8,
  "atr_window": 14
}