{
  "fast": 20,
  "slow": 80,
  "final_equity": 998079.3223,
  "ann_return": -0.01155189139691759,
  "ann_vol": 0.006315998529577904,
  "sharpe": -1.8289889307003369,
  "max_drawdown": -0.0019206777000000002,
  "sortino": -0.22128844394048844,
  "calmar": -6.01448717654065,
  "max_drawdown_duration_bars": 672,
  "avg_drawdown_duration_bars": 0.0,
  "current_drawdown_duration_bars": 672,
  "recovery_time_bars": 672,
  "trades": 2,
  "atr_sl": 1.9,
  "atr_tp": 3.8,
  "atr_window": 14
}