{
  "label_mode": "binary",
  "p_long": 0.6000000000000001,
  "p_exit": 0.45,
  "val_metrics": {
    "long": {
      "sharpe": -2.758613166821815,
      "trades": 276
    }
  },
  "test_metrics": {
    "long": {
      "sharpe": -15.078529236259579,
      "trades": 260
    }
  }
}