{
  "fast": 20,
  "slow": 80,
  "final_equity": 949277.7484965152,
  "ann_return": -0.24641918009694241,
  "ann_vol": 0.2536491931984874,
  "sharpe": -0.9714960138040444,
  "max_drawdown": -0.10316168044983327,
  "sortino": -0.20379744154664742,
  "calmar": -2.388669698113091,
  "max_drawdown_duration_bars": 916,
  "avg_drawdown_duration_bars": 1.0,
  "current_drawdown_duration_bars": 916,
  "recovery_time_bars": 916,
  "trades": 2,
  "atr_sl": 1.9,
  "atr_tp": 3.8,
  "atr_window": 14
}