{
  "fast": 20,
  "slow": 80,
  "final_equity": 1005472.1504959362,
  "ann_return": 0.03372858468000817,
  "ann_vol": 0.016374403010574485,
  "sharpe": 2.0598359926909375,
  "max_drawdown": -0.0039033018852987545,
  "sortino": 0.680843252236869,
  "calmar": 8.64103922042059,
  "max_drawdown_duration_bars": 560,
  "avg_drawdown_duration_bars": 86.375,
  "current_drawdown_duration_bars": 78,
  "recovery_time_bars": 560,
  "trades": 12,
  "atr_sl": 1.9,
  "atr_tp": 3.8,
  "atr_window": 14
}