{
  "fast": 20,
  "slow": 80,
  "final_equity": 966464.9478409368,
  "ann_return": 0.029162151549977144,
  "ann_vol": 0.05770808637505854,
  "sharpe": 0.5053390847245464,
  "max_drawdown": -0.02459472111929881,
  "sortino": 0.20151177924434208,
  "calmar": 1.1857077544617651,
  "max_drawdown_duration_bars": 914,
  "avg_drawdown_duration_bars": 8.095238095238095,
  "current_drawdown_duration_bars": 914,
  "recovery_time_bars": 914,
  "trades": 40,
  "atr_sl": 2.0,
  "atr_tp": 4.0,
  "atr_window": 14
}