{
  "label": "usdjpy_xgb_v2_risklite",
  "session_dir": "results/walkforward_usdjpy_xgb_v2_risklite_20251116_173111",
  "source_csv": "QuantResearch/data/clean/USDJPY_H1_clean_v2.csv",
  "train_bars": 6000,
  "test_bars": 1500,
  "step_bars": 1500,
  "created_at": "2025-11-16T17:31:14.282221+00:00",
  "sharpe_threshold": 1.0,
  "max_dd_threshold": 0.1,
  "base_validation": null,
  "windows": 4,
  "aggregates": {
    "sharpe": {
      "mean": 4.320532853608137,
      "median": 4.14650223475906,
      "std": 0.7396057953068673,
      "p05": 3.5999467303373094,
      "p95": 5.284761843267672
    },
    "ann_return": {
      "mean": 0.005013665623729124,
      "median": 0.00479174636366575,
      "std": 0.0008724499266963176,
      "p05": 0.004169146868724471,
      "p95": 0.0061688713428225015
    },
    "ann_vol": {
      "mean": 0.0012113945551523672,
      "median": 0.0011565783006820042,
      "std": 0.0003575481361236506,
      "p05": 0.0008237757964908519,
      "p95": 0.0016757560700723908
    },
    "max_drawdown": {
      "mean": -0.00024575286643288726,
      "median": -0.0002086357250681648,
      "std": 0.0001229055542594071,
      "p05": -0.0004133164650464514,
      "p95": -0.00013015326572993452
    },
    "sortino": {
      "mean": 1.86992309331139,
      "median": 1.7157506000970335,
      "std": 0.4041758738810589,
      "p05": 1.5218236652704105,
      "p95": 2.4338640118524686
    },
    "calmar": {
      "mean": 23.82414740527528,
      "median": 22.922362471870535,
      "std": 7.6600668514147925,
      "p05": 15.17102786548764,
      "p95": 33.73976585182955
    }
  },
  "run_ids": [
    "20251116_173111",
    "20251116_173112",
    "20251116_173113",
    "20251116_173113"
  ],
  "passes": 4,
  "fails": 0
}