{
  "fast": 20,
  "slow": 80,
  "final_equity": 1011530.1075480356,
  "ann_return": 0.002249164472378107,
  "ann_vol": 0.003131768212399984,
  "sharpe": 0.7181771829322238,
  "max_drawdown": -0.0010303019275001717,
  "sortino": 0.060669409420775096,
  "calmar": 2.1830149127598637,
  "max_drawdown_duration_bars": 3,
  "avg_drawdown_duration_bars": 1.6666666666666667,
  "current_drawdown_duration_bars": 0,
  "recovery_time_bars": 3,
  "trades": 2,
  "atr_sl": 1.9,
  "atr_tp": 3.8,
  "atr_window": 14,
  "data_report": "data/outputs/stats/data_reports/data_GBPUSD_H1_20x80_ATR1.9x3.8_W14_ABOVE_SHORT_BELOW.json",
  "data_validation": {
    "severity": "warn",
    "messages": [
      "Non-zero timestamp gaps detected (ratio=0.0085).",
      "Columns contain nulls (max ratio=0.0026).",
      "Detected numeric outliers (threshold z>5.0)."
    ]
  }
}