{
  "fast": 20,
  "slow": 80,
  "final_equity": 1012071.3235186082,
  "ann_return": 0.07553130272521025,
  "ann_vol": 0.01856101262555404,
  "sharpe": 4.069352478173624,
  "max_drawdown": -0.005669688424303784,
  "sortino": 1.4694928086759829,
  "calmar": 13.321949474584258,
  "max_drawdown_duration_bars": 634,
  "avg_drawdown_duration_bars": 3.8333333333333335,
  "current_drawdown_duration_bars": 634,
  "recovery_time_bars": 634,
  "trades": 10,
  "atr_sl": 1.9,
  "atr_tp": 3.8,
  "atr_window": 14
}