{
  "metrics": {
    "train_acc": 0.568232178565638,
    "val_acc": 0.39234760051880674,
    "test_acc": 0.4090466926070039,
    "train_confusion": [
      [
        5746,
        0,
        2188
      ],
      [
        1522,
        15,
        1258
      ],
      [
        3017,
        4,
        4753
      ]
    ],
    "val_confusion": [
      [
        895,
        0,
        1398
      ],
      [
        524,
        0,
        988
      ],
      [
        835,
        3,
        1525
      ]
    ],
    "test_confusion": [
      [
        1031,
        0,
        1307
      ],
      [
        510,
        2,
        779
      ],
      [
        1049,
        0,
        1490
      ]
    ]
  },
  "class_mapping": {
    "trend_down": 0,
    "chop": 1,
    "trend_up": 2
  }
}