{
  "fast": 20,
  "slow": 80,
  "final_equity": 1456310.7933906442,
  "ann_return": 9.936944813799299,
  "ann_vol": 0.4819247632047198,
  "sharpe": 20.619286603411418,
  "max_drawdown": -0.1091377297557984,
  "sortino": 9.38913023877918,
  "calmar": 91.04958327458114,
  "max_drawdown_duration_bars": 267,
  "avg_drawdown_duration_bars": 10.535714285714286,
  "current_drawdown_duration_bars": 267,
  "recovery_time_bars": 267,
  "trades": 36,
  "atr_sl": 1.9,
  "atr_tp": 3.8,
  "atr_window": 14
}