{
  "fast": 20,
  "slow": 80,
  "final_equity": 962673.9479470974,
  "ann_return": 0.011291600357716591,
  "ann_vol": 0.0034289324727258845,
  "sharpe": 3.293036665939401,
  "max_drawdown": -0.0013459373609841742,
  "sortino": 1.6759850139602661,
  "calmar": 8.389395142029466,
  "max_drawdown_duration_bars": 528,
  "avg_drawdown_duration_bars": 21.208333333333332,
  "current_drawdown_duration_bars": 528,
  "recovery_time_bars": 528,
  "trades": 106,
  "atr_sl": 1.9,
  "atr_tp": 3.8,
  "atr_window": 14
}