{
  "fast": 20,
  "slow": 80,
  "final_equity": 1990242.0892435093,
  "ann_return": 0.14937495848384863,
  "ann_vol": 0.09727259876237185,
  "sharpe": 1.5356324430969315,
  "max_drawdown": -0.12372322748174866,
  "sortino": 0.1871487891113149,
  "calmar": 1.2073315700229696,
  "max_drawdown_duration_bars": 28891,
  "avg_drawdown_duration_bars": 13.439024390243903,
  "current_drawdown_duration_bars": 28891,
  "recovery_time_bars": 28891,
  "trades": 30,
  "atr_sl": 1.9,
  "atr_tp": 3.8,
  "atr_window": 14,
  "data_report": "data/outputs/stats/data_reports/data_GBPJPY_H1_20x80_ATR1.9x3.8_W14_ABOVE_SHORT_BELOW.json",
  "data_validation": {
    "severity": "warn",
    "messages": [
      "Non-zero timestamp gaps detected (ratio=0.0085).",
      "Columns contain nulls (max ratio=0.0026).",
      "Detected numeric outliers (threshold z>5.0)."
    ]
  }
}