{
  "fast": 20,
  "slow": 80,
  "final_equity": 964615.9134282998,
  "ann_return": 0.029474521275599574,
  "ann_vol": 0.004219894218977385,
  "sharpe": 6.984658796196601,
  "max_drawdown": -0.0007448909853427555,
  "sortino": 3.8041348045723713,
  "calmar": 39.56890586081816,
  "max_drawdown_duration_bars": 111,
  "avg_drawdown_duration_bars": 28.68,
  "current_drawdown_duration_bars": 0,
  "recovery_time_bars": 111,
  "trades": 34,
  "atr_sl": 1.9,
  "atr_tp": 3.8,
  "atr_window": 14
}