{
  "fast": 20,
  "slow": 80,
  "final_equity": 1000658.3735850011,
  "ann_return": 0.004171504578369012,
  "ann_vol": 0.018896523613110675,
  "sharpe": 0.22075513273112113,
  "max_drawdown": -0.008456671068669392,
  "sortino": 0.045976151262415506,
  "calmar": 0.49327974855540574,
  "max_drawdown_duration_bars": 456,
  "avg_drawdown_duration_bars": 208.0,
  "current_drawdown_duration_bars": 456,
  "recovery_time_bars": 456,
  "trades": 6,
  "atr_sl": 1.9,
  "atr_tp": 3.8,
  "atr_window": 14
}