{
  "fast": 20,
  "slow": 80,
  "final_equity": 981174.3388609224,
  "ann_return": 0.004276934060787108,
  "ann_vol": 0.0018863528711446165,
  "sharpe": 2.267303284666943,
  "max_drawdown": -0.005804245175567042,
  "sortino": 1.1781443826750417,
  "calmar": 0.7368630944107689,
  "max_drawdown_duration_bars": 12466,
  "avg_drawdown_duration_bars": 34.272040302267,
  "current_drawdown_duration_bars": 12466,
  "recovery_time_bars": 12466,
  "trades": 986,
  "atr_sl": 1.9,
  "atr_tp": 3.8,
  "atr_window": 14,
  "data_report": "data/outputs/stats/data_reports/data_USDJPY_H1_20x80_ATR1.9x3.8_W14_ABOVE_LONGONLY.json",
  "data_validation": {
    "severity": "warn",
    "messages": [
      "Non-zero timestamp gaps detected (ratio=0.0085).",
      "Detected numeric outliers (threshold z>5.0)."
    ]
  }
}