{
  "fast": 20,
  "slow": 80,
  "final_equity": 1019097.8709312273,
  "ann_return": 0.12167563951121663,
  "ann_vol": 0.024274120788018463,
  "sharpe": 5.012566287108322,
  "max_drawdown": -0.00968060585832782,
  "sortino": 1.6758039436183787,
  "calmar": 12.569010792495407,
  "max_drawdown_duration_bars": 382,
  "avg_drawdown_duration_bars": 36.18181818181818,
  "current_drawdown_duration_bars": 0,
  "recovery_time_bars": 382,
  "trades": 12,
  "atr_sl": 1.9,
  "atr_tp": 3.8,
  "atr_window": 14
}