{
  "fast": 20,
  "slow": 80,
  "final_equity": 975349.2172019363,
  "ann_return": 0.010232230549274357,
  "ann_vol": 0.006782274428003513,
  "sharpe": 1.5086724457840026,
  "max_drawdown": -0.006089713100666021,
  "sortino": 0.5596976943281772,
  "calmar": 1.6802483762585263,
  "max_drawdown_duration_bars": 4377,
  "avg_drawdown_duration_bars": 191.525,
  "current_drawdown_duration_bars": 400,
  "recovery_time_bars": 4377,
  "trades": 208,
  "atr_sl": 1.9,
  "atr_tp": 3.8,
  "atr_window": 14
}