{
  "label": "usdjpy_xgb_v2_balanced",
  "session_dir": "results/walkforward_usdjpy_xgb_v2_balanced_20251116_174855",
  "source_csv": "QuantResearch/data/clean/USDJPY_H1_clean_v2.csv",
  "train_bars": 6000,
  "test_bars": 1500,
  "step_bars": 1500,
  "created_at": "2025-11-16T17:48:57.971699+00:00",
  "sharpe_threshold": 1.0,
  "max_dd_threshold": 0.1,
  "base_validation": null,
  "windows": 4,
  "aggregates": {
    "sharpe": {
      "mean": 4.302579386430107,
      "median": 4.6807495399723855,
      "std": 1.0864836166953837,
      "p05": 2.800724629718452,
      "p95": 5.274995928182573
    },
    "ann_return": {
      "mean": 0.005124323403136732,
      "median": 0.004970997270943189,
      "std": 0.0007734849526197859,
      "p05": 0.0043075846704378916,
      "p95": 0.006155718720906533
    },
    "ann_vol": {
      "mean": 0.0012758470174036743,
      "median": 0.0012027846528912148,
      "std": 0.000370863919376776,
      "p05": 0.0008881788609626114,
      "p95": 0.0017658024841621805
    },
    "max_drawdown": {
      "mean": -0.00031835326891722893,
      "median": -0.00021612238822909412,
      "std": 0.00020967342202497316,
      "p05": -0.0006112111668393755,
      "p95": -0.00016861860395847106
    },
    "sortino": {
      "mean": 1.6998689387638009,
      "median": 1.8579990006306855,
      "std": 0.422607233810849,
      "p05": 1.1117397798828552,
      "p95": 2.0666160110311083
    },
    "calmar": {
      "mean": 21.592653875013188,
      "median": 25.676687501376687,
      "std": 8.510779740462795,
      "p05": 9.695503762497362,
      "p95": 27.772156910620115
    }
  },
  "run_ids": [
    "20251116_174855",
    "20251116_174856",
    "20251116_174856",
    "20251116_174857"
  ],
  "passes": 4,
  "fails": 0
}