{
  "fast": 20,
  "slow": 80,
  "final_equity": 1004022.3337042502,
  "ann_return": 0.024612117476537687,
  "ann_vol": 0.004807577337127614,
  "sharpe": 5.119442860849057,
  "max_drawdown": -0.00010033264499995857,
  "sortino": 3.154284244750617,
  "calmar": 245.3051793516243,
  "max_drawdown_duration_bars": 1,
  "avg_drawdown_duration_bars": 1.0,
  "current_drawdown_duration_bars": 0,
  "recovery_time_bars": 1,
  "trades": 2,
  "atr_sl": 1.9,
  "atr_tp": 3.8,
  "atr_window": 14
}