{
  "fast": 20,
  "slow": 80,
  "final_equity": 1065056.6020622218,
  "ann_return": 0.02051784723756378,
  "ann_vol": 0.0077175457726100455,
  "sharpe": 2.6585974145281575,
  "max_drawdown": -0.014657426640012508,
  "sortino": 1.5596446247504845,
  "calmar": 1.399826022772185,
  "max_drawdown_duration_bars": 12625,
  "avg_drawdown_duration_bars": 41.80691642651297,
  "current_drawdown_duration_bars": 12625,
  "recovery_time_bars": 12625,
  "trades": 2028,
  "atr_sl": 1.9,
  "atr_tp": 3.8,
  "atr_window": 14,
  "data_report": "data/outputs/stats/data_reports/data_USDJPY_H1_20x80_ATR1.9x3.8_W14_ABOVE_SHORT_BELOW.json",
  "data_validation": {
    "severity": "warn",
    "messages": [
      "Non-zero timestamp gaps detected (ratio=0.0085).",
      "Detected numeric outliers (threshold z>5.0)."
    ]
  }
}