{
  "label_mode": "binary",
  "p_long": 0.5750000000000001,
  "p_exit": 0.45,
  "val_metrics": {
    "long": {
      "sharpe": -2.8927741480032156,
      "trades": 227
    }
  },
  "test_metrics": {
    "long": {
      "sharpe": -3.7002706034566204,
      "trades": 275
    }
  }
}