{
  "fast": 20,
  "slow": 80,
  "final_equity": 960491.8725312635,
  "ann_return": 0.002069533971355453,
  "ann_vol": 0.0011683517658177525,
  "sharpe": 1.7713278071753886,
  "max_drawdown": -0.0003850344069941605,
  "sortino": 0.5392724663577902,
  "calmar": 5.374932561252479,
  "max_drawdown_duration_bars": 765,
  "avg_drawdown_duration_bars": 167.16666666666666,
  "current_drawdown_duration_bars": 0,
  "recovery_time_bars": 765,
  "trades": 32,
  "atr_sl": 1.9,
  "atr_tp": 3.8,
  "atr_window": 14
}