{
  "fast": 20,
  "slow": 80,
  "final_equity": 960695.8471508704,
  "ann_return": 0.0029281779268679475,
  "ann_vol": 0.0009499202555145126,
  "sharpe": 3.082551308774794,
  "max_drawdown": -0.00026510089050454396,
  "sortino": 0.5521711744883249,
  "calmar": 11.045522786796361,
  "max_drawdown_duration_bars": 40,
  "avg_drawdown_duration_bars": 8.25,
  "current_drawdown_duration_bars": 0,
  "recovery_time_bars": 40,
  "trades": 10,
  "atr_sl": 1.9,
  "atr_tp": 3.8,
  "atr_window": 14
}