{
  "label_mode": "binary",
  "p_long": 0.625,
  "p_exit": 0.45,
  "val_metrics": {
    "long": {
      "sharpe": 11.915410934349858,
      "trades": 136
    }
  },
  "test_metrics": {
    "long": {
      "sharpe": -0.31944398544629266,
      "trades": 83
    }
  }
}