{
  "label_mode": "binary",
  "p_long": 0.6000000000000001,
  "p_exit": 0.45,
  "val_metrics": {
    "long": {
      "sharpe": 15.431843841389254,
      "trades": 123
    }
  },
  "test_metrics": {
    "long": {
      "sharpe": 7.783890720084734,
      "trades": 141
    }
  }
}