{
  "fast": 20,
  "slow": 80,
  "final_equity": 960691.9327100217,
  "ann_return": 0.00438158996359439,
  "ann_vol": 0.004485798898471568,
  "sharpe": 0.9767691469823392,
  "max_drawdown": -0.002144577909916987,
  "sortino": 0.542900308485169,
  "calmar": 2.043101322331532,
  "max_drawdown_duration_bars": 692,
  "avg_drawdown_duration_bars": 7.846153846153846,
  "current_drawdown_duration_bars": 692,
  "recovery_time_bars": 692,
  "trades": 42,
  "atr_sl": 1.9,
  "atr_tp": 3.8,
  "atr_window": 14
}