{
  "fast": 20,
  "slow": 80,
  "final_equity": 959978.8721520033,
  "ann_return": -0.00012776925919066873,
  "ann_vol": 0.003306915512021337,
  "sharpe": -0.03863698928085718,
  "max_drawdown": -0.0009859909046431269,
  "sortino": -0.013912064794029268,
  "calmar": -0.12958462252439742,
  "max_drawdown_duration_bars": 382,
  "avg_drawdown_duration_bars": 191.5,
  "current_drawdown_duration_bars": 281,
  "recovery_time_bars": 382,
  "trades": 32,
  "atr_sl": 1.9,
  "atr_tp": 3.8,
  "atr_window": 14
}