{
  "fast": 20,
  "slow": 80,
  "final_equity": 1260215.0136344454,
  "ann_return": 0.05469698388643929,
  "ann_vol": 0.01519420691184996,
  "sharpe": 3.5998577749906193,
  "max_drawdown": -0.011107007027966555,
  "sortino": 1.7279236172133061,
  "calmar": 4.924547517501039,
  "max_drawdown_duration_bars": 2948,
  "avg_drawdown_duration_bars": 75.00597014925373,
  "current_drawdown_duration_bars": 205,
  "recovery_time_bars": 2948,
  "trades": 1142,
  "atr_sl": 1.9,
  "atr_tp": 3.8,
  "atr_window": 14,
  "data_report": "data/outputs/stats/data_reports/data_USDJPY_H1_20x80_ATR1.9x3.8_W14_ABOVE_SHORT_BELOW.json",
  "data_validation": {
    "severity": "warn",
    "messages": [
      "Non-zero timestamp gaps detected (ratio=0.0085).",
      "Detected numeric outliers (threshold z>5.0)."
    ]
  }
}