{
  "fast": 20,
  "slow": 80,
  "final_equity": 1067650.1153106578,
  "ann_return": 0.01292354507963811,
  "ann_vol": 0.008985014776145953,
  "sharpe": 1.4383443323820062,
  "max_drawdown": -0.008862793966944737,
  "sortino": 0.13643999209418461,
  "calmar": 1.4581795681856782,
  "max_drawdown_duration_bars": 3959,
  "avg_drawdown_duration_bars": 279.3863636363636,
  "current_drawdown_duration_bars": 3857,
  "recovery_time_bars": 3959,
  "trades": 60,
  "atr_sl": 1.9,
  "atr_tp": 3.8,
  "atr_window": 14,
  "data_report": "data/outputs/stats/data_reports/data_AUDUSD_H1_20x80_ATR1.9x3.8_W14_ABOVE_SHORT_BELOW.json",
  "data_validation": {
    "severity": "warn",
    "messages": [
      "Non-zero timestamp gaps detected (ratio=0.0085).",
      "Columns contain nulls (max ratio=0.0026).",
      "Detected numeric outliers (threshold z>5.0)."
    ]
  }
}