{
  "fast": 20,
  "slow": 80,
  "final_equity": 961023.3437502204,
  "ann_return": 0.004308554212408611,
  "ann_vol": 0.0011654906490955908,
  "sharpe": 3.6967728705090908,
  "max_drawdown": -0.0002032178008881696,
  "sortino": 1.6305065871573856,
  "calmar": 21.201657500366323,
  "max_drawdown_duration_bars": 132,
  "avg_drawdown_duration_bars": 14.333333333333334,
  "current_drawdown_duration_bars": 19,
  "recovery_time_bars": 132,
  "trades": 18,
  "atr_sl": 2.0,
  "atr_tp": 4.0,
  "atr_window": 14
}