{
  "label": "usdjpy_xgb_short_v1e",
  "session_dir": "results/walkforward_usdjpy_xgb_short_v1e_20251116_224027",
  "source_csv": "QuantResearch/data/clean/USDJPY_H1_clean_v2.csv",
  "train_bars": 6000,
  "test_bars": 1500,
  "step_bars": 1500,
  "created_at": "2025-11-16T22:40:39.055429+00:00",
  "sharpe_threshold": 1.0,
  "max_dd_threshold": 0.1,
  "base_validation": null,
  "windows": 16,
  "aggregates": {
    "sharpe": {
      "mean": 1.818498970385372,
      "median": 2.3911233348310175,
      "std": 2.6163013250119747,
      "p05": -3.025545814857687,
      "p95": 4.887280873832841
    },
    "ann_return": {
      "mean": 0.001967880254895235,
      "median": 0.00209738491089706,
      "std": 0.002344677783622213,
      "p05": -0.0011183460513704835,
      "p95": 0.005770766351628154
    },
    "ann_vol": {
      "mean": 0.0008084891036099073,
      "median": 0.0008075555397079426,
      "std": 0.0003156579419857752,
      "p05": 0.00036985394442298547,
      "p95": 0.0012521188605143637
    },
    "max_drawdown": {
      "mean": -0.0003029752126567758,
      "median": -0.0002865196402410885,
      "std": 0.00011659790495432741,
      "p05": -0.0004551438563889618,
      "p95": -0.00011719765560917933
    },
    "sortino": {
      "mean": 0.7224257868888277,
      "median": 0.7591836656386098,
      "std": 0.9098843242084536,
      "p05": -0.42146964923902974,
      "p95": 2.6441894725021795
    },
    "calmar": {
      "mean": 9.287890677861192,
      "median": 6.353000870703153,
      "std": 11.273309947606432,
      "p05": -3.571656274237731,
      "p95": 26.439617736355157
    }
  },
  "run_ids": [
    "20251116_224027",
    "20251116_224028",
    "20251116_224029",
    "20251116_224029",
    "20251116_224030",
    "20251116_224031",
    "20251116_224032",
    "20251116_224032",
    "20251116_224033",
    "20251116_224034",
    "20251116_224034",
    "20251116_224035",
    "20251116_224036",
    "20251116_224037",
    "20251116_224037",
    "20251116_224038"
  ],
  "passes": 11,
  "fails": 5
}