{
  "fast": 20,
  "slow": 80,
  "final_equity": 1002226.4249503571,
  "ann_return": 0.013597708433010558,
  "ann_vol": 0.009186672881955979,
  "sharpe": 1.4801559397764694,
  "max_drawdown": -0.0031993607896364756,
  "sortino": 0.17191673517964418,
  "calmar": 4.250132863119694,
  "max_drawdown_duration_bars": 256,
  "avg_drawdown_duration_bars": 128.5,
  "current_drawdown_duration_bars": 156,
  "recovery_time_bars": 256,
  "trades": 4,
  "atr_sl": 1.9,
  "atr_tp": 3.8,
  "atr_window": 14
}