{
  "fast": 20,
  "slow": 80,
  "final_equity": 920253.2072893874,
  "ann_return": -0.15609525912823574,
  "ann_vol": 0.04212862597576134,
  "sharpe": -3.7052065077566256,
  "max_drawdown": -0.05001074985715211,
  "sortino": -0.7693036379536267,
  "calmar": -3.1212341261448278,
  "max_drawdown_duration_bars": 1013,
  "avg_drawdown_duration_bars": 25.25,
  "current_drawdown_duration_bars": 1013,
  "recovery_time_bars": 1013,
  "trades": 14,
  "atr_sl": 2.0,
  "atr_tp": 4.0,
  "atr_window": 14
}