{
  "fast": 20,
  "slow": 80,
  "final_equity": 947976.7107599746,
  "ann_return": -0.009990283374410436,
  "ann_vol": 0.028352481895352964,
  "sharpe": -0.35236010065305307,
  "max_drawdown": -0.10097022633942412,
  "sortino": -0.00819507421378438,
  "calmar": -0.0989428640164363,
  "max_drawdown_duration_bars": 28651,
  "avg_drawdown_duration_bars": 1.3333333333333333,
  "current_drawdown_duration_bars": 28651,
  "recovery_time_bars": 28651,
  "trades": 2,
  "atr_sl": 1.9,
  "atr_tp": 3.8,
  "atr_window": 14,
  "data_report": "data/outputs/stats/data_reports/data_GBPJPY_H1_20x80_ATR1.9x3.8_W14_ABOVE_SHORT_BELOW.json",
  "data_validation": {
    "severity": "warn",
    "messages": [
      "Non-zero timestamp gaps detected (ratio=0.0085).",
      "Columns contain nulls (max ratio=0.0026).",
      "Detected numeric outliers (threshold z>5.0)."
    ]
  }
}