{
  "label_mode": "binary",
  "p_long": 0.5750000000000001,
  "p_exit": 0.45,
  "val_metrics": {
    "long": {
      "sharpe": 7.8152813224528925,
      "trades": 208
    }
  },
  "test_metrics": {
    "long": {
      "sharpe": -7.815932949449854,
      "trades": 316
    }
  }
}