{
  "fast": 20,
  "slow": 80,
  "final_equity": 949372.9275122077,
  "ann_return": -0.009516547604949133,
  "ann_vol": 0.03455985781962018,
  "sharpe": -0.27536420012545415,
  "max_drawdown": -0.09503604463039135,
  "sortino": -0.1520343042377255,
  "calmar": -0.10013619192549875,
  "max_drawdown_duration_bars": 12315,
  "avg_drawdown_duration_bars": 595.7941176470588,
  "current_drawdown_duration_bars": 10236,
  "recovery_time_bars": 12315,
  "trades": 1640,
  "atr_sl": 1.9,
  "atr_tp": 3.8,
  "atr_window": 14,
  "data_report": "data/outputs/stats/data_reports/data_AUDUSD_H1_20x80_ATR1.9x3.8_W14_ABOVE_SHORT_BELOW.json",
  "data_validation": {
    "severity": "warn",
    "messages": [
      "Non-zero timestamp gaps detected (ratio=0.0085).",
      "Columns contain nulls (max ratio=0.0026).",
      "Detected numeric outliers (threshold z>5.0)."
    ]
  }
}