{
  "label_mode": "binary",
  "p_long": 0.5750000000000001,
  "p_exit": 0.45,
  "val_metrics": {
    "long": {
      "sharpe": 4.271562676437237,
      "trades": 85
    }
  },
  "test_metrics": {
    "long": {
      "sharpe": 14.513212325616962,
      "trades": 87
    }
  }
}