{
  "label": "gbpjpy_h1_xgb_baseline_updated",
  "session_dir": "results/walkforward_fx_top6/walkforward_gbpjpy_h1_xgb_baseline_updated_20251119_180633",
  "source_csv": "QuantResearch/data/clean/GBPJPY_H1_clean_v2_with_regime.csv",
  "train_bars": 3000,
  "test_bars": 1000,
  "step_bars": 1000,
  "created_at": "2025-11-19T18:06:52.527412+00:00",
  "sharpe_threshold": 1.0,
  "max_dd_threshold": 0.1,
  "base_validation": null,
  "windows": 27,
  "aggregates": {
    "sharpe": {
      "mean": 4.931156402414408,
      "median": 0.8123593270164463,
      "std": 17.17681130363208,
      "p05": -2.3252434754994082,
      "p95": 13.852549167732757
    },
    "ann_return": {
      "mean": 2.3905668617347993,
      "median": 0.29153497530832206,
      "std": 8.71640907139012,
      "p05": -0.45662873813678945,
      "p95": 5.050795687882494
    },
    "ann_vol": {
      "mean": 0.31220994588686574,
      "median": 0.3296267465726962,
      "std": 0.09143067793014109,
      "p05": 0.1675389090664752,
      "p95": 0.44329788766440276
    },
    "max_drawdown": {
      "mean": -0.11015862524196812,
      "median": -0.10790079195094116,
      "std": 0.01572433395718014,
      "p05": -0.13025599228251677,
      "p95": -0.09229270430965016
    },
    "sortino": {
      "mean": 2.408815182819475,
      "median": 0.20952837088304418,
      "std": 8.739754771469432,
      "p05": -0.46059856377805924,
      "p95": 5.4484343039599645
    },
    "calmar": {
      "mean": 22.64978954979531,
      "median": 2.3562565531275914,
      "std": 82.02747720338598,
      "p05": -3.947197678645156,
      "p95": 52.49081028034642
    }
  },
  "run_ids": [
    "20251119_180633",
    "20251119_180634",
    "20251119_180635",
    "20251119_180635",
    "20251119_180637",
    "20251119_180638",
    "20251119_180638",
    "20251119_180639",
    "20251119_180639",
    "20251119_180640",
    "20251119_180641",
    "20251119_180641",
    "20251119_180642",
    "20251119_180644",
    "20251119_180644",
    "20251119_180645",
    "20251119_180645",
    "20251119_180646",
    "20251119_180646",
    "20251119_180647",
    "20251119_180647",
    "20251119_180648",
    "20251119_180648",
    "20251119_180650",
    "20251119_180651",
    "20251119_180651",
    "20251119_180652"
  ],
  "passes": 3,
  "fails": 24
}