{
  "fast": 20,
  "slow": 80,
  "final_equity": 979867.4600009015,
  "ann_return": 0.004015235227851299,
  "ann_vol": 0.0018881083162654445,
  "sharpe": 2.126591569594468,
  "max_drawdown": -0.005954057724896175,
  "sortino": 1.1089097954497542,
  "calmar": 0.6743695498721951,
  "max_drawdown_duration_bars": 12466,
  "avg_drawdown_duration_bars": 36.202597402597405,
  "current_drawdown_duration_bars": 12466,
  "recovery_time_bars": 12466,
  "trades": 986,
  "atr_sl": 1.9,
  "atr_tp": 3.8,
  "atr_window": 14,
  "data_report": "data/outputs/stats/data_reports/data_USDJPY_H1_20x80_ATR1.9x3.8_W14_ABOVE_LONGONLY.json",
  "data_validation": {
    "severity": "warn",
    "messages": [
      "Non-zero timestamp gaps detected (ratio=0.0085).",
      "Detected numeric outliers (threshold z>5.0)."
    ]
  }
}