{
  "metrics": {
    "train_acc": 0.6145489920553424,
    "val_acc": 0.42363813229571984,
    "test_acc": 0.4573605706874189,
    "train_confusion": [
      [
        5089,
        1,
        3223
      ],
      [
        800,
        9,
        934
      ],
      [
        2174,
        0,
        6273
      ]
    ],
    "val_confusion": [
      [
        1375,
        0,
        1271
      ],
      [
        417,
        0,
        343
      ],
      [
        1524,
        0,
        1238
      ]
    ],
    "test_confusion": [
      [
        1243,
        2,
        1463
      ],
      [
        299,
        1,
        414
      ],
      [
        1169,
        0,
        1577
      ]
    ]
  },
  "class_mapping": {
    "trend_down": 0,
    "chop": 1,
    "trend_up": 2
  }
}