{
  "label": "usdjpy_xgb_short_v1f",
  "session_dir": "results/walkforward_usdjpy_xgb_short_v1f_20251116_225925",
  "source_csv": "QuantResearch/data/clean/USDJPY_H1_clean_v2.csv",
  "train_bars": 6000,
  "test_bars": 1500,
  "step_bars": 1500,
  "created_at": "2025-11-16T22:59:36.289878+00:00",
  "sharpe_threshold": 1.0,
  "max_dd_threshold": 0.1,
  "base_validation": null,
  "windows": 16,
  "aggregates": {
    "sharpe": {
      "mean": 1.7015592362717995,
      "median": 2.1350523086736066,
      "std": 2.400788907540103,
      "p05": -3.025545814857687,
      "p95": 4.386054587478006
    },
    "ann_return": {
      "mean": 0.00196261029603597,
      "median": 0.0020278738514740713,
      "std": 0.002296994078060192,
      "p05": -0.0011183460513704835,
      "p95": 0.00577507783001463
    },
    "ann_vol": {
      "mean": 0.0008772064971723312,
      "median": 0.0008656511260750836,
      "std": 0.00032161227095454573,
      "p05": 0.00036985394442298547,
      "p95": 0.0013064343326748978
    },
    "max_drawdown": {
      "mean": -0.0003184330430855847,
      "median": -0.00030320173345884955,
      "std": 0.00010946448508362216,
      "p05": -0.000470668308124943,
      "p95": -0.0001373958457671002
    },
    "sortino": {
      "mean": 0.702436718027322,
      "median": 0.5561171493556927,
      "std": 0.8881431292963975,
      "p05": -0.31302078846678294,
      "p95": 2.5269583171195484
    },
    "calmar": {
      "mean": 8.181051064543588,
      "median": 6.562379071363786,
      "std": 9.387661827726761,
      "p05": -3.571656274237731,
      "p95": 23.68496013498308
    }
  },
  "run_ids": [
    "20251116_225925",
    "20251116_225926",
    "20251116_225927",
    "20251116_225927",
    "20251116_225928",
    "20251116_225929",
    "20251116_225929",
    "20251116_225930",
    "20251116_225931",
    "20251116_225931",
    "20251116_225932",
    "20251116_225932",
    "20251116_225933",
    "20251116_225934",
    "20251116_225935",
    "20251116_225935"
  ],
  "passes": 10,
  "fails": 6
}