{
  "fast": 20,
  "slow": 80,
  "final_equity": 920419.4165541924,
  "ann_return": -0.38354639651130396,
  "ann_vol": 0.19094128455583784,
  "sharpe": -2.008713816938535,
  "max_drawdown": -0.10901398953150965,
  "sortino": -0.44783536920449724,
  "calmar": -3.518322723162451,
  "max_drawdown_duration_bars": 896,
  "avg_drawdown_duration_bars": 4.5,
  "current_drawdown_duration_bars": 896,
  "recovery_time_bars": 896,
  "trades": 6,
  "atr_sl": 1.9,
  "atr_tp": 3.8,
  "atr_window": 14
}