{
  "metrics": {
    "train_acc": 0.8173174872665535,
    "val_acc": 0.4775967413441955,
    "test_acc": 0.40835030549898166,
    "train_confusion": [
      [
        1231,
        0,
        146
      ],
      [
        130,
        50,
        113
      ],
      [
        148,
        1,
        1126
      ]
    ],
    "val_confusion": [
      [
        274,
        0,
        178
      ],
      [
        55,
        0,
        30
      ],
      [
        245,
        5,
        195
      ]
    ],
    "test_confusion": [
      [
        223,
        0,
        159
      ],
      [
        74,
        0,
        68
      ],
      [
        280,
        0,
        178
      ]
    ]
  },
  "class_mapping": {
    "trend_down": 0,
    "chop": 1,
    "trend_up": 2
  }
}