{
  "fast": 20,
  "slow": 80,
  "final_equity": 989702.0148893745,
  "ann_return": -0.02091739956900185,
  "ann_vol": 0.2878723206819559,
  "sharpe": -0.072662072961546,
  "max_drawdown": -0.12727498515477956,
  "sortino": -0.017909985524040172,
  "calmar": -0.16434808099615275,
  "max_drawdown_duration_bars": 710,
  "avg_drawdown_duration_bars": 18.6,
  "current_drawdown_duration_bars": 710,
  "recovery_time_bars": 710,
  "trades": 6,
  "atr_sl": 1.9,
  "atr_tp": 3.8,
  "atr_window": 14
}