{
  "fast": 20,
  "slow": 80,
  "final_equity": 959435.1670888102,
  "ann_return": -0.002371527775415605,
  "ann_vol": 0.0006859952636524939,
  "sharpe": -3.45706144206989,
  "max_drawdown": -0.0005883676158226687,
  "sortino": -0.6062334398552891,
  "calmar": -4.0306905268735465,
  "max_drawdown_duration_bars": 1097,
  "avg_drawdown_duration_bars": 0.0,
  "current_drawdown_duration_bars": 1097,
  "recovery_time_bars": 1097,
  "trades": 8,
  "atr_sl": 1.9,
  "atr_tp": 3.8,
  "atr_window": 14
}