{
  "fast": 20,
  "slow": 80,
  "final_equity": 959995.8947468074,
  "ann_return": -1.7118189407194784e-05,
  "ann_vol": 0.0005202987203422756,
  "sharpe": -0.03290069480842405,
  "max_drawdown": -0.00022564250910177204,
  "sortino": -0.004697556194537471,
  "calmar": -0.075864204290841,
  "max_drawdown_duration_bars": 747,
  "avg_drawdown_duration_bars": 374.0,
  "current_drawdown_duration_bars": 44,
  "recovery_time_bars": 747,
  "trades": 8,
  "atr_sl": 1.9,
  "atr_tp": 3.8,
  "atr_window": 14
}