{
  "label_mode": "binary",
  "p_long": 0.6000000000000001,
  "p_exit": 0.45,
  "val_metrics": {
    "long": {
      "sharpe": -0.19540820066530407,
      "trades": 78
    }
  },
  "test_metrics": {
    "long": {
      "sharpe": -15.153674765377428,
      "trades": 145
    }
  }
}