{
  "fast": 20,
  "slow": 80,
  "final_equity": 1031989.5536821339,
  "ann_return": 0.006427946661943906,
  "ann_vol": 0.022358963607043307,
  "sharpe": 0.2874885784025802,
  "max_drawdown": -0.06998448025683422,
  "sortino": 0.09501059697950519,
  "calmar": 0.0918481731714539,
  "max_drawdown_duration_bars": 22921,
  "avg_drawdown_duration_bars": 52.24096385542169,
  "current_drawdown_duration_bars": 22921,
  "recovery_time_bars": 22921,
  "trades": 554,
  "atr_sl": 1.9,
  "atr_tp": 3.8,
  "atr_window": 14,
  "data_report": "data/outputs/stats/data_reports/data_AUDUSD_H1_20x80_ATR1.9x3.8_W14_ABOVE_SHORT_BELOW.json",
  "data_validation": {
    "severity": "warn",
    "messages": [
      "Non-zero timestamp gaps detected (ratio=0.0085).",
      "Columns contain nulls (max ratio=0.0026).",
      "Detected numeric outliers (threshold z>5.0)."
    ]
  }
}