{
  "fast": 20,
  "slow": 80,
  "final_equity": 1000272.0261650886,
  "ann_return": 0.0019317961619516044,
  "ann_vol": 0.023810554315823032,
  "sharpe": 0.08113192730955664,
  "max_drawdown": -0.00886062584843225,
  "sortino": 0.02458553581173118,
  "calmar": 0.2180202837809031,
  "max_drawdown_duration_bars": 829,
  "avg_drawdown_duration_bars": 1.0,
  "current_drawdown_duration_bars": 829,
  "recovery_time_bars": 829,
  "trades": 10,
  "atr_sl": 1.9,
  "atr_tp": 3.8,
  "atr_window": 14
}