{
  "fast": 20,
  "slow": 80,
  "final_equity": 1025319.8386745685,
  "ann_return": 0.16387343762654072,
  "ann_vol": 0.02741157701363525,
  "sharpe": 5.978256469703502,
  "max_drawdown": -0.002585458447787056,
  "sortino": 2.567232366103463,
  "calmar": 63.382738858867825,
  "max_drawdown_duration_bars": 60,
  "avg_drawdown_duration_bars": 6.75,
  "current_drawdown_duration_bars": 0,
  "recovery_time_bars": 60,
  "trades": 14,
  "atr_sl": 1.9,
  "atr_tp": 3.8,
  "atr_window": 14
}