{
  "fast": 20,
  "slow": 80,
  "final_equity": 949726.4475890131,
  "ann_return": -0.0020957999971402685,
  "ann_vol": 0.003421790047506073,
  "sharpe": -0.6124864378127948,
  "max_drawdown": -0.015141296424322336,
  "sortino": -0.17682999926051823,
  "calmar": -0.13841615264685422,
  "max_drawdown_duration_bars": 29540,
  "avg_drawdown_duration_bars": 126.88888888888889,
  "current_drawdown_duration_bars": 29540,
  "recovery_time_bars": 29540,
  "trades": 628,
  "atr_sl": 1.9,
  "atr_tp": 3.8,
  "atr_window": 14,
  "data_report": "data/outputs/stats/data_reports/data_USDJPY_H1_20x80_ATR1.9x3.8_W14_ABOVE_SHORT_BELOW.json",
  "data_validation": {
    "severity": "warn",
    "messages": [
      "Non-zero timestamp gaps detected (ratio=0.0085).",
      "Columns contain nulls (max ratio=0.0026).",
      "Detected numeric outliers (threshold z>5.0)."
    ]
  }
}