{
  "label": "gbpusd_h1_xgb_baseline",
  "session_dir": "results/walkforward_fx_top6/walkforward_gbpusd_h1_xgb_baseline_20251119_171011",
  "source_csv": "QuantResearch/data/clean/GBPUSD_H1_clean_v2_with_regime.csv",
  "train_bars": 3000,
  "test_bars": 1000,
  "step_bars": 1000,
  "created_at": "2025-11-19T17:10:22.118538+00:00",
  "sharpe_threshold": 1.0,
  "max_dd_threshold": 0.1,
  "base_validation": null,
  "windows": 27,
  "aggregates": {
    "sharpe": {
      "mean": 2.3006645271392805,
      "median": 0.8474054975484511,
      "std": 3.6319840870637763,
      "p05": -2.496448008975243,
      "p95": 8.915823217393275
    },
    "ann_return": {
      "mean": 0.12555041034082434,
      "median": 0.030641785776905683,
      "std": 0.24044701343102265,
      "p05": -0.055288863108142704,
      "p95": 0.7078723402485226
    },
    "ann_vol": {
      "mean": 0.03622432725980474,
      "median": 0.029243513771498007,
      "std": 0.020756525400993948,
      "p05": 0.018825302032184497,
      "p95": 0.07930856557020344
    },
    "max_drawdown": {
      "mean": -0.011345279112293941,
      "median": -0.010211907328886384,
      "std": 0.0043976582626421064,
      "p05": -0.01873070286040866,
      "p95": -0.005553904575727962
    },
    "sortino": {
      "mean": 1.3498908957533364,
      "median": 0.3455178893943953,
      "std": 2.1328669259862765,
      "p05": -0.820712460776323,
      "p95": 5.809086865114932
    },
    "calmar": {
      "mean": 12.111456777625914,
      "median": 2.1127032657762808,
      "std": 18.98318241748613,
      "p05": -4.239607455547648,
      "p95": 49.950236491647786
    }
  },
  "run_ids": [
    "20251119_171011",
    "20251119_171012",
    "20251119_171012",
    "20251119_171012",
    "20251119_171013",
    "20251119_171014",
    "20251119_171014",
    "20251119_171014",
    "20251119_171015",
    "20251119_171015",
    "20251119_171015",
    "20251119_171016",
    "20251119_171016",
    "20251119_171017",
    "20251119_171017",
    "20251119_171017",
    "20251119_171018",
    "20251119_171018",
    "20251119_171018",
    "20251119_171019",
    "20251119_171019",
    "20251119_171019",
    "20251119_171020",
    "20251119_171020",
    "20251119_171021",
    "20251119_171021",
    "20251119_171021"
  ],
  "passes": 13,
  "fails": 14
}