{
  "fast": 20,
  "slow": 80,
  "final_equity": 1060813.7903278077,
  "ann_return": 0.4315401510525416,
  "ann_vol": 0.05186348413470081,
  "sharpe": 8.320693417583314,
  "max_drawdown": -0.006057028442839044,
  "sortino": 4.90404845755485,
  "calmar": 71.24618203877388,
  "max_drawdown_duration_bars": 360,
  "avg_drawdown_duration_bars": 15.962962962962964,
  "current_drawdown_duration_bars": 360,
  "recovery_time_bars": 360,
  "trades": 36,
  "atr_sl": 1.9,
  "atr_tp": 3.8,
  "atr_window": 14
}