{
  "fast": 20,
  "slow": 80,
  "final_equity": 956940.9106807855,
  "ann_return": -0.012773852566252186,
  "ann_vol": 0.006503701782351461,
  "sharpe": -1.9640895283537594,
  "max_drawdown": -0.005668946070054891,
  "sortino": -1.6961478880578504,
  "calmar": -2.253302890589767,
  "max_drawdown_duration_bars": 787,
  "avg_drawdown_duration_bars": 33.8235294117647,
  "current_drawdown_duration_bars": 787,
  "recovery_time_bars": 787,
  "trades": 262,
  "atr_sl": 1.9,
  "atr_tp": 3.8,
  "atr_window": 14
}