{
  "fast": 20,
  "slow": 80,
  "final_equity": 1022617.4983515192,
  "ann_return": 0.14602053657960545,
  "ann_vol": 0.042293289162780176,
  "sharpe": 3.4525698868583032,
  "max_drawdown": -0.011162829210177026,
  "sortino": 1.5042005877582822,
  "calmar": 13.080961271581597,
  "max_drawdown_duration_bars": 272,
  "avg_drawdown_duration_bars": 29.11111111111111,
  "current_drawdown_duration_bars": 230,
  "recovery_time_bars": 272,
  "trades": 32,
  "atr_sl": 1.9,
  "atr_tp": 3.8,
  "atr_window": 14
}