{
  "fast": 20,
  "slow": 80,
  "final_equity": 1105231.6981208604,
  "ann_return": 0.027924461965906477,
  "ann_vol": 0.0077997640520130005,
  "sharpe": 3.580167525541955,
  "max_drawdown": -0.00695442753312467,
  "sortino": 1.754208124289697,
  "calmar": 4.015350197108148,
  "max_drawdown_duration_bars": 2880,
  "avg_drawdown_duration_bars": 66.56976744186046,
  "current_drawdown_duration_bars": 505,
  "recovery_time_bars": 2880,
  "trades": 1100,
  "atr_sl": 1.9,
  "atr_tp": 3.8,
  "atr_window": 14,
  "data_report": "data/outputs/stats/data_reports/data_USDJPY_H1_20x80_ATR1.9x3.8_W14_ABOVE_SHORT_BELOW.json",
  "data_validation": {
    "severity": "warn",
    "messages": [
      "Non-zero timestamp gaps detected (ratio=0.0085).",
      "Columns contain nulls (max ratio=0.0026).",
      "Detected numeric outliers (threshold z>5.0)."
    ]
  }
}