{
  "fast": 20,
  "slow": 80,
  "final_equity": 1784015.6178764438,
  "ann_return": 38.56046369890041,
  "ann_vol": 0.5908599552090898,
  "sharpe": 65.2615960160219,
  "max_drawdown": -0.09389156588344094,
  "sortino": 36.434962346369495,
  "calmar": 410.6914538710561,
  "max_drawdown_duration_bars": 244,
  "avg_drawdown_duration_bars": 14.966666666666667,
  "current_drawdown_duration_bars": 244,
  "recovery_time_bars": 244,
  "trades": 52,
  "atr_sl": 1.9,
  "atr_tp": 3.8,
  "atr_window": 14
}