{
  "timestamp": "2025-11-19T21:42:10.735785",
  "weights": {
    "gbpusd_h1_xgb_baseline.yaml": 0.09856770734429313,
    "eurusd_h1_xgb_baseline.yaml": 0.08130797096194353,
    "usdchf_h1_xgb_baseline.yaml": 0.1874466866415046,
    "audusd_h1_xgb_baseline.yaml": 0.13845763674158248,
    "gbpjpy_h1_xgb_baseline.yaml": 0.0,
    "usdjpy_h1_xgbRegime_v1.0_20251118.yaml": 0.4942199983106763
  },
  "metrics": {
    "final_equity": 1.1488402334908954,
    "ann_return": 0.03163033428102979,
    "ann_vol": 0.007413743333920129,
    "sharpe": 4.2664458231662,
    "max_drawdown": -0.004966133421766528,
    "sortino": 3.135323570145521,
    "calmar": 6.369207509084283,
    "max_drawdown_duration_bars": 3174,
    "avg_drawdown_duration_bars": 32.196774193548386,
    "current_drawdown_duration_bars": 2558,
    "recovery_time_bars": 3174
  },
  "per_window_returns": [
    0.0027670490495768085,
    0.002133363138477895,
    0.003085569947600897,
    0.0034485906896655205,
    0.0041127011919805945,
    0.007854834287824852,
    0.008864437831978877,
    0.002874997007498381,
    0.023723062993429744,
    0.02090054144348219,
    0.014129807899869284,
    0.011333515304481345,
    0.011383754462007012,
    0.004540783464882736,
    0.00587201560034889,
    0.0003111406887716939,
    -0.000458610939633064,
    -0.0006563602576074024,
    0.00041836815130058547,
    0.0020932626170284685,
    0.0018555520625467281,
    -0.0003802242912699372,
    0.005995361991348425,
    0.0006155890086783078,
    0.0032448610319579796,
    -6.348613357598509e-05,
    -0.00037376688773060884
  ],
  "meta": {
    "gbpusd_h1_xgb_baseline.yaml": "/Users/chuan/Documents/Projects/FX_Backtest/QuantResearch/results/walkforward_fx_top6/walkforward_gbpusd_h1_xgb_baseline_20251119_171011/walkforward/metrics.csv",
    "eurusd_h1_xgb_baseline.yaml": "/Users/chuan/Documents/Projects/FX_Backtest/QuantResearch/results/walkforward_fx_top6/walkforward_eurusd_h1_xgb_baseline_20251119_161143/walkforward/metrics.csv",
    "usdchf_h1_xgb_baseline.yaml": "/Users/chuan/Documents/Projects/FX_Backtest/QuantResearch/results/walkforward_fx_top6/walkforward_usdchf_h1_xgb_baseline_20251119_173731/walkforward/metrics.csv",
    "audusd_h1_xgb_baseline.yaml": "/Users/chuan/Documents/Projects/FX_Backtest/QuantResearch/results/walkforward_fx_top6/walkforward_audusd_h1_xgb_baseline_20251119_161220/walkforward/metrics.csv",
    "gbpjpy_h1_xgb_baseline.yaml": "/Users/chuan/Documents/Projects/FX_Backtest/QuantResearch/results/walkforward_fx_top6/walkforward_gbpjpy_h1_xgb_baseline_updated_20251119_180633/walkforward/metrics.csv",
    "usdjpy_h1_xgbRegime_v1.0_20251118.yaml": "/Users/chuan/Documents/Projects/FX_Backtest/QuantResearch/results/walkforward_fx_top6/walkforward_usdjpy_h1_xgbRegime_v1.0_20251118_20251119_161300/walkforward/metrics.csv"
  }
}