{
  "timestamp": "2025-11-19T16:13:25.499611",
  "weights": {
    "gbpusd_h1_xgb_baseline.yaml": 0.28361096286602083,
    "eurusd_h1_xgb_baseline.yaml": 0.22313427736753944,
    "usdchf_h1_xgb_baseline.yaml": 0.2566686949099845,
    "audusd_h1_xgb_baseline.yaml": 0.13150169539442544,
    "gbpjpy_h1_xgb_baseline.yaml": 0.10508436946202375,
    "usdjpy_h1_xgbRegime_v1.0_20251118.yaml": 6.107199419572905e-15
  },
  "metrics": {
    "final_equity": 1.7514885660514508,
    "ann_return": 0.13478962825053986,
    "ann_vol": 0.0393189043629827,
    "sharpe": 3.428112518248075,
    "max_drawdown": -0.03362269578624391,
    "sortino": 1.8148153898532493,
    "calmar": 4.0088881958622276,
    "max_drawdown_duration_bars": 4074,
    "avg_drawdown_duration_bars": 62.769911504424776,
    "current_drawdown_duration_bars": 2894,
    "recovery_time_bars": 4074
  },
  "per_window_returns": [
    0.038177859620872834,
    -0.0022817699856231277,
    0.004917046991268492,
    0.026176619969842108,
    0.02926103715059125,
    0.013523071335652004,
    0.04603594880373718,
    0.023001235960844912,
    0.10749473716974567,
    0.09555923965020385,
    0.06006114973855392,
    0.0071848989010052655,
    0.020540857732888274,
    0.03983065502141492,
    0.00043293429035862196,
    0.0030377727097941065,
    -0.011678279976155559,
    -0.007746526091579886,
    0.013519320100698229,
    0.012157293060646834,
    0.011850185346971465,
    0.003470776617351845,
    0.002106066167889553,
    0.043916546671355805,
    -0.011160348879205362,
    0.005608386111489727,
    0.002123482524639897
  ],
  "meta": {
    "gbpusd_h1_xgb_baseline.yaml": "/Users/chuan/Documents/Projects/FX_Backtest/QuantResearch/results/walkforward_fx_top6/walkforward_gbpusd_h1_xgb_baseline_20251119_161126/walkforward/metrics.csv",
    "eurusd_h1_xgb_baseline.yaml": "/Users/chuan/Documents/Projects/FX_Backtest/QuantResearch/results/walkforward_fx_top6/walkforward_eurusd_h1_xgb_baseline_20251119_161143/walkforward/metrics.csv",
    "usdchf_h1_xgb_baseline.yaml": "/Users/chuan/Documents/Projects/FX_Backtest/QuantResearch/results/walkforward_fx_top6/walkforward_usdchf_h1_xgb_baseline_20251119_161201/walkforward/metrics.csv",
    "audusd_h1_xgb_baseline.yaml": "/Users/chuan/Documents/Projects/FX_Backtest/QuantResearch/results/walkforward_fx_top6/walkforward_audusd_h1_xgb_baseline_20251119_161220/walkforward/metrics.csv",
    "gbpjpy_h1_xgb_baseline.yaml": "/Users/chuan/Documents/Projects/FX_Backtest/QuantResearch/results/walkforward_fx_top6/walkforward_gbpjpy_h1_xgb_baseline_20251119_161238/walkforward/metrics.csv",
    "usdjpy_h1_xgbRegime_v1.0_20251118.yaml": "/Users/chuan/Documents/Projects/FX_Backtest/QuantResearch/results/walkforward_fx_top6/walkforward_usdjpy_h1_xgbRegime_v1.0_20251118_20251119_161300/walkforward/metrics.csv"
  }
}