{
  "fast": 20,
  "slow": 80,
  "final_equity": 987535.6360517528,
  "ann_return": -0.0015145777958112117,
  "ann_vol": 0.043174478415913035,
  "sharpe": -0.03508039590474765,
  "max_drawdown": -0.10148597960192929,
  "sortino": -0.001577769616609991,
  "calmar": -0.014924010210592862,
  "max_drawdown_duration_bars": 29848,
  "avg_drawdown_duration_bars": 7.666666666666667,
  "current_drawdown_duration_bars": 29848,
  "recovery_time_bars": 29848,
  "trades": 6,
  "atr_sl": 1.9,
  "atr_tp": 3.8,
  "atr_window": 14,
  "data_report": "data/outputs/stats/data_reports/data_GBPJPY_H1_20x80_ATR1.9x3.8_W14_ABOVE_SHORT_BELOW.json",
  "data_validation": {
    "severity": "warn",
    "messages": [
      "Non-zero timestamp gaps detected (ratio=0.0085).",
      "Columns contain nulls (max ratio=0.0026).",
      "Detected numeric outliers (threshold z>5.0)."
    ]
  }
}