{
  "fast": 20,
  "slow": 80,
  "final_equity": 1002795.2023278929,
  "ann_return": 0.017253012327771655,
  "ann_vol": 0.020359806937392685,
  "sharpe": 0.8474054975484511,
  "max_drawdown": -0.008166320660006315,
  "sortino": 0.26245059360075407,
  "calmar": 2.1127032657762808,
  "max_drawdown_duration_bars": 525,
  "avg_drawdown_duration_bars": 26.5,
  "current_drawdown_duration_bars": 525,
  "recovery_time_bars": 525,
  "trades": 14,
  "atr_sl": 1.9,
  "atr_tp": 3.8,
  "atr_window": 14
}