{
  "fast": 20,
  "slow": 80,
  "final_equity": 959745.6328028211,
  "ann_return": -0.001068491208324751,
  "ann_vol": 0.0005181158992089794,
  "sharpe": -2.0622629221686566,
  "max_drawdown": -0.00043532250525609367,
  "sortino": -0.44978424868826805,
  "calmar": -2.4544818965795803,
  "max_drawdown_duration_bars": 1010,
  "avg_drawdown_duration_bars": 67.0,
  "current_drawdown_duration_bars": 1010,
  "recovery_time_bars": 1010,
  "trades": 12,
  "atr_sl": 1.9,
  "atr_tp": 3.8,
  "atr_window": 14
}