{
  "fast": 20,
  "slow": 80,
  "final_equity": 974194.7771547709,
  "ann_return": -0.10269393801666371,
  "ann_vol": 0.3147659853682541,
  "sharpe": -0.3262548775609252,
  "max_drawdown": -0.10905146331604683,
  "sortino": -0.06821060122135497,
  "calmar": -0.9417016048564328,
  "max_drawdown_duration_bars": 808,
  "avg_drawdown_duration_bars": 5.285714285714286,
  "current_drawdown_duration_bars": 808,
  "recovery_time_bars": 808,
  "trades": 4,
  "atr_sl": 1.9,
  "atr_tp": 3.8,
  "atr_window": 14
}