{
  "fast": 20,
  "slow": 80,
  "final_equity": 959734.490742465,
  "ann_return": -0.001115344597497625,
  "ann_vol": 0.0003745174239582135,
  "sharpe": -2.978084666154461,
  "max_drawdown": -0.00027657214326560884,
  "sortino": -0.41203144942261694,
  "calmar": -4.0327438053892966,
  "max_drawdown_duration_bars": 1035,
  "avg_drawdown_duration_bars": 0.0,
  "current_drawdown_duration_bars": 1035,
  "recovery_time_bars": 1035,
  "trades": 6,
  "atr_sl": 1.9,
  "atr_tp": 3.8,
  "atr_window": 14
}