{
  "fast": 20,
  "slow": 80,
  "final_equity": 1010058.7678695148,
  "ann_return": 0.002188593814316242,
  "ann_vol": 0.021406343583630385,
  "sharpe": 0.10224043194326184,
  "max_drawdown": -0.06873455587439145,
  "sortino": 0.02741130873094575,
  "calmar": 0.0318412447199888,
  "max_drawdown_duration_bars": 19474,
  "avg_drawdown_duration_bars": 217.8913043478261,
  "current_drawdown_duration_bars": 19474,
  "recovery_time_bars": 19474,
  "trades": 272,
  "atr_sl": 1.9,
  "atr_tp": 3.8,
  "atr_window": 14,
  "data_report": "data/outputs/stats/data_reports/data_USDCHF_H1_20x80_ATR1.9x3.8_W14_ABOVE_SHORT_BELOW.json",
  "data_validation": {
    "severity": "warn",
    "messages": [
      "Non-zero timestamp gaps detected (ratio=0.0085).",
      "Columns contain nulls (max ratio=0.0026).",
      "Detected numeric outliers (threshold z>5.0)."
    ]
  }
}