{
  "fast": 20,
  "slow": 80,
  "final_equity": 949319.4341475203,
  "ann_return": -0.2501974978677547,
  "ann_vol": 0.23167524178057827,
  "sharpe": -1.0799492252379692,
  "max_drawdown": -0.10809596343481696,
  "sortino": -0.17916495181335576,
  "calmar": -2.3145868718643365,
  "max_drawdown_duration_bars": 893,
  "avg_drawdown_duration_bars": 5.666666666666667,
  "current_drawdown_duration_bars": 893,
  "recovery_time_bars": 893,
  "trades": 2,
  "atr_sl": 1.9,
  "atr_tp": 3.8,
  "atr_window": 14
}