{
  "label_mode": "binary",
  "p_long": 0.6000000000000001,
  "p_exit": 0.45,
  "val_metrics": {
    "long": {
      "sharpe": -10.330815541811702,
      "trades": 75
    }
  },
  "test_metrics": {
    "long": {
      "sharpe": -12.083849850913639,
      "trades": 116
    }
  }
}