{
  "fast": 20,
  "slow": 80,
  "final_equity": 995660.2540556975,
  "ann_return": -0.02579166697785651,
  "ann_vol": 0.020018652260515815,
  "sharpe": -1.288381787255839,
  "max_drawdown": -0.0075901098851875,
  "sortino": -0.3597051971271667,
  "calmar": -3.3980623954061993,
  "max_drawdown_duration_bars": 614,
  "avg_drawdown_duration_bars": 46.0,
  "current_drawdown_duration_bars": 614,
  "recovery_time_bars": 614,
  "trades": 10,
  "atr_sl": 1.9,
  "atr_tp": 3.8,
  "atr_window": 14
}