{
  "fast": 20,
  "slow": 80,
  "final_equity": 957268.7611296658,
  "ann_return": -0.011398442497643546,
  "ann_vol": 0.00791659163307647,
  "sharpe": -1.4398169093400606,
  "max_drawdown": -0.003558165343141734,
  "sortino": -1.249069373616366,
  "calmar": -3.2034606035421405,
  "max_drawdown_duration_bars": 1063,
  "avg_drawdown_duration_bars": 182.5,
  "current_drawdown_duration_bars": 319,
  "recovery_time_bars": 1063,
  "trades": 344,
  "atr_sl": 1.9,
  "atr_tp": 3.8,
  "atr_window": 14
}