{
  "fast": 20,
  "slow": 80,
  "final_equity": 914166.866439699,
  "ann_return": -0.017275411243817262,
  "ann_vol": 0.01563355824774244,
  "sharpe": -1.1050210687839996,
  "max_drawdown": -0.10118214383543739,
  "sortino": -0.25736187537827326,
  "calmar": -0.17073577005755072,
  "max_drawdown_duration_bars": 29804,
  "avg_drawdown_duration_bars": 48.53333333333333,
  "current_drawdown_duration_bars": 29804,
  "recovery_time_bars": 29804,
  "trades": 336,
  "atr_sl": 1.9,
  "atr_tp": 3.8,
  "atr_window": 14,
  "data_report": "data/outputs/stats/data_reports/data_EURUSD_H1_20x80_ATR1.9x3.8_W14_ABOVE_SHORT_BELOW.json",
  "data_validation": {
    "severity": "warn",
    "messages": [
      "Non-zero timestamp gaps detected (ratio=0.0085).",
      "Columns contain nulls (max ratio=0.0026).",
      "Detected numeric outliers (threshold z>5.0)."
    ]
  }
}