{
  "fast": 20,
  "slow": 80,
  "final_equity": 1006473.510666433,
  "ann_return": 0.04018058660941182,
  "ann_vol": 0.025696716109179906,
  "sharpe": 1.563646749206903,
  "max_drawdown": -0.007706593280082732,
  "sortino": 0.49712283514838884,
  "calmar": 5.213793585455761,
  "max_drawdown_duration_bars": 726,
  "avg_drawdown_duration_bars": 208.25,
  "current_drawdown_duration_bars": 37,
  "recovery_time_bars": 726,
  "trades": 22,
  "atr_sl": 1.9,
  "atr_tp": 3.8,
  "atr_window": 14
}