{
  "fast": 20,
  "slow": 80,
  "final_equity": 961242.7892589486,
  "ann_return": 0.005234519456164044,
  "ann_vol": 0.001448215434181452,
  "sharpe": 3.614461862935921,
  "max_drawdown": -0.0004091171292945344,
  "sortino": 2.060709043884676,
  "calmar": 12.794671944414171,
  "max_drawdown_duration_bars": 542,
  "avg_drawdown_duration_bars": 39.26315789473684,
  "current_drawdown_duration_bars": 479,
  "recovery_time_bars": 542,
  "trades": 26,
  "atr_sl": 1.9,
  "atr_tp": 3.8,
  "atr_window": 14
}