{
  "fast": 20,
  "slow": 80,
  "final_equity": 966123.9221156911,
  "ann_return": 0.02599740779309445,
  "ann_vol": 0.004321945001997213,
  "sharpe": 6.015210230829128,
  "max_drawdown": -0.0008003118426361091,
  "sortino": 3.3847259740557036,
  "calmar": 32.48409733318806,
  "max_drawdown_duration_bars": 353,
  "avg_drawdown_duration_bars": 31.72222222222222,
  "current_drawdown_duration_bars": 0,
  "recovery_time_bars": 353,
  "trades": 126,
  "atr_sl": 1.9,
  "atr_tp": 3.8,
  "atr_window": 14
}