{
  "fast": 20,
  "slow": 80,
  "final_equity": 966135.5517714809,
  "ann_return": 0.0012467633781416687,
  "ann_vol": 0.0006915196439936263,
  "sharpe": 1.802932698977905,
  "max_drawdown": -0.0016279114150228233,
  "sortino": 0.4075985670652606,
  "calmar": 0.7658668442497463,
  "max_drawdown_duration_bars": 7165,
  "avg_drawdown_duration_bars": 99.55263157894737,
  "current_drawdown_duration_bars": 7165,
  "recovery_time_bars": 7165,
  "trades": 198,
  "atr_sl": 1.9,
  "atr_tp": 3.8,
  "atr_window": 14,
  "data_report": "data/outputs/stats/data_reports/data_USDJPY_H1_20x80_ATR1.9x3.8_W14_ABOVE_LONGONLY.json",
  "data_validation": {
    "severity": "warn",
    "messages": [
      "Non-zero timestamp gaps detected (ratio=0.0085).",
      "Detected numeric outliers (threshold z>5.0)."
    ]
  }
}