{
  "fast": 20,
  "slow": 80,
  "final_equity": 961252.461468738,
  "ann_return": 0.005274938514922889,
  "ann_vol": 0.0011476659522684175,
  "sharpe": 4.5962315990090294,
  "max_drawdown": -0.00021405364924816003,
  "sortino": 1.8009946130366814,
  "calmar": 24.643067443374743,
  "max_drawdown_duration_bars": 353,
  "avg_drawdown_duration_bars": 41.75,
  "current_drawdown_duration_bars": 3,
  "recovery_time_bars": 353,
  "trades": 20,
  "atr_sl": 2.0,
  "atr_tp": 4.0,
  "atr_window": 14
}