{
  "fast": 20,
  "slow": 80,
  "final_equity": 1902091.4663953076,
  "ann_return": 0.14206025542826373,
  "ann_vol": 0.11989795946791175,
  "sharpe": 1.1848429786353725,
  "max_drawdown": -0.09994512339075312,
  "sortino": 0.15052338254267475,
  "calmar": 1.4213825608364508,
  "max_drawdown_duration_bars": 30219,
  "avg_drawdown_duration_bars": 7.461538461538462,
  "current_drawdown_duration_bars": 30219,
  "recovery_time_bars": 30219,
  "trades": 34,
  "atr_sl": 1.9,
  "atr_tp": 3.8,
  "atr_window": 14,
  "data_report": "data/outputs/stats/data_reports/data_GBPJPY_H1_20x80_ATR1.9x3.8_W14_ABOVE_SHORT_BELOW.json",
  "data_validation": {
    "severity": "warn",
    "messages": [
      "Non-zero timestamp gaps detected (ratio=0.0085).",
      "Columns contain nulls (max ratio=0.0026).",
      "Detected numeric outliers (threshold z>5.0)."
    ]
  }
}