{
  "metrics": {
    "train_acc": 0.6187645246716749,
    "val_acc": 0.42071984435797666,
    "test_acc": 0.4573605706874189,
    "train_confusion": [
      [
        3769,
        1,
        3901
      ],
      [
        548,
        29,
        1290
      ],
      [
        1314,
        0,
        7651
      ]
    ],
    "val_confusion": [
      [
        938,
        8,
        1470
      ],
      [
        330,
        1,
        407
      ],
      [
        1355,
        3,
        1656
      ]
    ],
    "test_confusion": [
      [
        892,
        0,
        1738
      ],
      [
        226,
        0,
        417
      ],
      [
        966,
        0,
        1929
      ]
    ]
  },
  "class_mapping": {
    "trend_down": 0,
    "chop": 1,
    "trend_up": 2
  }
}