{
  "fast": 20,
  "slow": 80,
  "final_equity": 963219.1514854939,
  "ann_return": 0.0006551443663569412,
  "ann_vol": 0.0008142682358242111,
  "sharpe": 0.804580527071398,
  "max_drawdown": -0.0011223442688825381,
  "sortino": 0.1514037929133129,
  "calmar": 0.5837285265502674,
  "max_drawdown_duration_bars": 7949,
  "avg_drawdown_duration_bars": 306.9516129032258,
  "current_drawdown_duration_bars": 7949,
  "recovery_time_bars": 7949,
  "trades": 206,
  "atr_sl": 1.9,
  "atr_tp": 3.8,
  "atr_window": 14,
  "data_report": "data/outputs/stats/data_reports/data_USDJPY_H1_20x80_ATR1.9x3.8_W14_ABOVE_LONGONLY.json",
  "data_validation": {
    "severity": "warn",
    "messages": [
      "Non-zero timestamp gaps detected (ratio=0.0085).",
      "Detected numeric outliers (threshold z>5.0)."
    ]
  }
}