{
  "fast": 20,
  "slow": 80,
  "final_equity": 960082.0222057588,
  "ann_return": 0.00052163070736988,
  "ann_vol": 0.0029202267654270236,
  "sharpe": 0.1786267811614973,
  "max_drawdown": -0.0008074127749562952,
  "sortino": 0.06838344199274646,
  "calmar": 0.6460520858096599,
  "max_drawdown_duration_bars": 502,
  "avg_drawdown_duration_bars": 91.0,
  "current_drawdown_duration_bars": 269,
  "recovery_time_bars": 502,
  "trades": 26,
  "atr_sl": 1.9,
  "atr_tp": 3.8,
  "atr_window": 14
}