{
  "fast": 20,
  "slow": 80,
  "final_equity": 986485.150469852,
  "ann_return": 0.0053605329298913595,
  "ann_vol": 0.007939624204330031,
  "sharpe": 0.6751620469603444,
  "max_drawdown": -0.02873333856766059,
  "sortino": 0.6393458489647198,
  "calmar": 0.1865614368921489,
  "max_drawdown_duration_bars": 11713,
  "avg_drawdown_duration_bars": 57.389408099688474,
  "current_drawdown_duration_bars": 11713,
  "recovery_time_bars": 11713,
  "trades": 7044,
  "atr_sl": 1.9,
  "atr_tp": 3.8,
  "atr_window": 14,
  "data_report": "data/outputs/stats/data_reports/data_USDJPY_H1_20x80_ATR1.9x3.8_W14_SHORT_BELOW.json",
  "data_validation": {
    "severity": "warn",
    "messages": [
      "Non-zero timestamp gaps detected (ratio=0.0085).",
      "Detected numeric outliers (threshold z>5.0)."
    ]
  }
}