{
  "label": "usdjpy_xgb_short_v1h",
  "session_dir": "results/walkforward_usdjpy_xgb_short_v1h_20251117_093324",
  "source_csv": "QuantResearch/data/clean/USDJPY_H1_clean_v2.csv",
  "train_bars": 6000,
  "test_bars": 1500,
  "step_bars": 1500,
  "created_at": "2025-11-17T09:33:34.856269+00:00",
  "sharpe_threshold": 1.0,
  "max_dd_threshold": 0.1,
  "base_validation": null,
  "windows": 16,
  "aggregates": {
    "sharpe": {
      "mean": 0.8962128767910262,
      "median": 0.8739781231741335,
      "std": 3.090940294005897,
      "p05": -2.6767986656868143,
      "p95": 5.302925212926248
    },
    "ann_return": {
      "mean": 0.008488312833814564,
      "median": 0.0070299760513142795,
      "std": 0.024553312495084835,
      "p05": -0.018332486487351557,
      "p95": 0.045373074748327136
    },
    "ann_vol": {
      "mean": 0.0076231361035510115,
      "median": 0.007702160404414382,
      "std": 0.0007088425155032437,
      "p05": 0.006721817643239795,
      "p95": 0.008777639626582939
    },
    "max_drawdown": {
      "mean": -0.003777838207175612,
      "median": -0.003225956391379672,
      "std": 0.0021869363478626714,
      "p05": -0.00698576038608589,
      "p95": -0.0018920000911315073
    },
    "sortino": {
      "mean": 1.083535114026233,
      "median": 0.8373054947014807,
      "std": 3.112370148908091,
      "p05": -2.295426765355394,
      "p95": 5.906661975851198
    },
    "calmar": {
      "mean": 5.67204149852788,
      "median": 2.186900201498927,
      "std": 9.639490110392469,
      "p05": -3.1030263428562597,
      "p95": 21.947000184990465
    }
  },
  "run_ids": [
    "20251117_093324",
    "20251117_093325",
    "20251117_093326",
    "20251117_093327",
    "20251117_093327",
    "20251117_093328",
    "20251117_093328",
    "20251117_093329",
    "20251117_093330",
    "20251117_093330",
    "20251117_093331",
    "20251117_093331",
    "20251117_093332",
    "20251117_093333",
    "20251117_093333",
    "20251117_093334"
  ],
  "passes": 8,
  "fails": 8
}