{
  "label_mode": "binary",
  "p_long": 0.5750000000000001,
  "p_exit": 0.45,
  "val_metrics": {
    "long": {
      "sharpe": -1.589129387652455,
      "trades": 384
    }
  },
  "test_metrics": {
    "long": {
      "sharpe": -4.92943430527581,
      "trades": 474
    }
  }
}