{
  "fast": 20,
  "slow": 80,
  "final_equity": 960954.8784108165,
  "ann_return": 0.004019640177147954,
  "ann_vol": 0.0009089477218944386,
  "sharpe": 4.4223007333911095,
  "max_drawdown": -0.00010325181264061319,
  "sortino": 1.0103300088037523,
  "calmar": 38.93045627333485,
  "max_drawdown_duration_bars": 40,
  "avg_drawdown_duration_bars": 6.3,
  "current_drawdown_duration_bars": 0,
  "recovery_time_bars": 40,
  "trades": 8,
  "atr_sl": 1.9,
  "atr_tp": 3.8,
  "atr_window": 14
}