{
  "fast": 20,
  "slow": 80,
  "final_equity": 990396.4758099117,
  "ann_return": -0.05635970719809702,
  "ann_vol": 0.02869565199057486,
  "sharpe": -1.9640504149063582,
  "max_drawdown": -0.01173915612276636,
  "sortino": -0.8213405261370067,
  "calmar": -4.8010015889298625,
  "max_drawdown_duration_bars": 393,
  "avg_drawdown_duration_bars": 29.25,
  "current_drawdown_duration_bars": 393,
  "recovery_time_bars": 393,
  "trades": 20,
  "atr_sl": 1.9,
  "atr_tp": 3.8,
  "atr_window": 14
}