{
  "fast": 20,
  "slow": 80,
  "final_equity": 962564.9189300148,
  "ann_return": 0.016292052470628704,
  "ann_vol": 0.0037878988920988614,
  "sharpe": 4.3010790242084145,
  "max_drawdown": -0.0006741060271556831,
  "sortino": 1.75267915175407,
  "calmar": 24.16838273850071,
  "max_drawdown_duration_bars": 425,
  "avg_drawdown_duration_bars": 31.7,
  "current_drawdown_duration_bars": 57,
  "recovery_time_bars": 425,
  "trades": 30,
  "atr_sl": 1.9,
  "atr_tp": 3.8,
  "atr_window": 14
}