{
  "fast": 20,
  "slow": 80,
  "final_equity": 1070560.126152004,
  "ann_return": 0.021533981164735927,
  "ann_vol": 0.006078842244195507,
  "sharpe": 3.5424477720733814,
  "max_drawdown": -0.0044521819153057465,
  "sortino": 1.7003387001097638,
  "calmar": 4.836725357224563,
  "max_drawdown_duration_bars": 2948,
  "avg_drawdown_duration_bars": 74.7797619047619,
  "current_drawdown_duration_bars": 205,
  "recovery_time_bars": 2948,
  "trades": 1142,
  "atr_sl": 1.9,
  "atr_tp": 3.8,
  "atr_window": 14,
  "data_report": "data/outputs/stats/data_reports/data_USDJPY_H1_20x80_ATR1.9x3.8_W14_ABOVE_SHORT_BELOW.json",
  "data_validation": {
    "severity": "warn",
    "messages": [
      "Non-zero timestamp gaps detected (ratio=0.0085).",
      "Detected numeric outliers (threshold z>5.0)."
    ]
  }
}