{
  "fast": 20,
  "slow": 80,
  "final_equity": 962645.0166706871,
  "ann_return": 0.01680393818264503,
  "ann_vol": 0.003734503973832762,
  "sharpe": 4.499643942110728,
  "max_drawdown": -0.000904560457319951,
  "sortino": 2.5379741222691936,
  "calmar": 18.57690997507459,
  "max_drawdown_duration_bars": 205,
  "avg_drawdown_duration_bars": 34.529411764705884,
  "current_drawdown_duration_bars": 100,
  "recovery_time_bars": 205,
  "trades": 34,
  "atr_sl": 1.9,
  "atr_tp": 3.8,
  "atr_window": 14
}