{
  "fast": 20,
  "slow": 80,
  "final_equity": 978104.2434862206,
  "ann_return": -0.0038571435479001215,
  "ann_vol": 0.030484817630953325,
  "sharpe": -0.12652670567343985,
  "max_drawdown": -0.09839210279116324,
  "sortino": -0.047280849824375956,
  "calmar": -0.03920175947542141,
  "max_drawdown_duration_bars": 29335,
  "avg_drawdown_duration_bars": 29.195652173913043,
  "current_drawdown_duration_bars": 29335,
  "recovery_time_bars": 29335,
  "trades": 778,
  "atr_sl": 1.9,
  "atr_tp": 3.8,
  "atr_window": 14,
  "data_report": "data/outputs/stats/data_reports/data_GBPUSD_H1_20x80_ATR1.9x3.8_W14_ABOVE_SHORT_BELOW.json",
  "data_validation": {
    "severity": "warn",
    "messages": [
      "Non-zero timestamp gaps detected (ratio=0.0085).",
      "Columns contain nulls (max ratio=0.0026).",
      "Detected numeric outliers (threshold z>5.0)."
    ]
  }
}