{
  "fast": 20,
  "slow": 80,
  "final_equity": 1052928.0337848268,
  "ann_return": 0.4043587451619799,
  "ann_vol": 0.2340785508453911,
  "sharpe": 1.7274489426801813,
  "max_drawdown": -0.10082005649347223,
  "sortino": 0.39844657374737613,
  "calmar": 4.010697466611327,
  "max_drawdown_duration_bars": 633,
  "avg_drawdown_duration_bars": 15.125,
  "current_drawdown_duration_bars": 633,
  "recovery_time_bars": 633,
  "trades": 8,
  "atr_sl": 1.9,
  "atr_tp": 3.8,
  "atr_window": 14
}