{
  "fast": 20,
  "slow": 80,
  "final_equity": 962265.1665007643,
  "ann_return": 0.00046305103064292474,
  "ann_vol": 0.0020519659913410585,
  "sharpe": 0.2256621369929716,
  "max_drawdown": -0.007470419545607898,
  "sortino": 0.13874139158071397,
  "calmar": 0.06198460847023879,
  "max_drawdown_duration_bars": 19853,
  "avg_drawdown_duration_bars": 63.64102564102564,
  "current_drawdown_duration_bars": 19853,
  "recovery_time_bars": 19853,
  "trades": 2068,
  "atr_sl": 1.9,
  "atr_tp": 3.8,
  "atr_window": 14,
  "data_report": "data/outputs/stats/data_reports/data_USDJPY_H1_20x80_ATR1.9x3.8_W14_ABOVE_LONGONLY.json",
  "data_validation": {
    "severity": "warn",
    "messages": [
      "Non-zero timestamp gaps detected (ratio=0.0085).",
      "Detected numeric outliers (threshold z>5.0)."
    ]
  }
}