{
  "fast": 20,
  "slow": 80,
  "final_equity": 959834.4464033276,
  "ann_return": -0.0006944860327415814,
  "ann_vol": 0.0014982512843062755,
  "sharpe": -0.4635310778746599,
  "max_drawdown": -0.0006893017192942824,
  "sortino": -0.16212743382488784,
  "calmar": -1.0075211091198304,
  "max_drawdown_duration_bars": 930,
  "avg_drawdown_duration_bars": 148.33333333333334,
  "current_drawdown_duration_bars": 930,
  "recovery_time_bars": 930,
  "trades": 46,
  "atr_sl": 1.9,
  "atr_tp": 3.8,
  "atr_window": 14
}