{
  "fast": 20,
  "slow": 80,
  "final_equity": 1004629.9381272838,
  "ann_return": 0.02843085049081684,
  "ann_vol": 0.011757687493145215,
  "sharpe": 2.418064819922468,
  "max_drawdown": -0.0032509128399638636,
  "sortino": 0.6659132280479673,
  "calmar": 8.745497615719795,
  "max_drawdown_duration_bars": 252,
  "avg_drawdown_duration_bars": 63.333333333333336,
  "current_drawdown_duration_bars": 15,
  "recovery_time_bars": 252,
  "trades": 8,
  "atr_sl": 1.9,
  "atr_tp": 3.8,
  "atr_window": 14
}