{
  "fast": 20,
  "slow": 80,
  "final_equity": 1406300.8644393801,
  "ann_return": 7.4641813251640325,
  "ann_vol": 0.37991392981249394,
  "sharpe": 19.64703249719738,
  "max_drawdown": -0.08826530489497648,
  "sortino": 9.480633935005724,
  "calmar": 84.56529249001493,
  "max_drawdown_duration_bars": 357,
  "avg_drawdown_duration_bars": 26.363636363636363,
  "current_drawdown_duration_bars": 0,
  "recovery_time_bars": 357,
  "trades": 22,
  "atr_sl": 1.9,
  "atr_tp": 3.8,
  "atr_window": 14
}