{
  "fast": 20,
  "slow": 80,
  "final_equity": 1408525.12635847,
  "ann_return": 0.06972497990020532,
  "ann_vol": 0.02895631224712612,
  "sharpe": 2.407937147007573,
  "max_drawdown": -0.04125427071039069,
  "sortino": 1.3609974555046758,
  "calmar": 1.6901275601181267,
  "max_drawdown_duration_bars": 7475,
  "avg_drawdown_duration_bars": 53.33988764044944,
  "current_drawdown_duration_bars": 7475,
  "recovery_time_bars": 7475,
  "trades": 1190,
  "atr_sl": 1.9,
  "atr_tp": 3.8,
  "atr_window": 14,
  "data_report": "data/outputs/stats/data_reports/data_AUDUSD_H1_20x80_ATR1.9x3.8_W14_ABOVE_SHORT_BELOW.json",
  "data_validation": {
    "severity": "warn",
    "messages": [
      "Non-zero timestamp gaps detected (ratio=0.0085).",
      "Columns contain nulls (max ratio=0.0026).",
      "Detected numeric outliers (threshold z>5.0)."
    ]
  }
}