{
  "fast": 20,
  "slow": 80,
  "final_equity": 1042760.7489077923,
  "ann_return": 0.4000560552460708,
  "ann_vol": 0.07604762201637556,
  "sharpe": 5.260599143519905,
  "max_drawdown": -0.010973628379546596,
  "sortino": 2.67451426440182,
  "calmar": 36.456132958878285,
  "max_drawdown_duration_bars": 484,
  "avg_drawdown_duration_bars": 12.6,
  "current_drawdown_duration_bars": 484,
  "recovery_time_bars": 484,
  "trades": 22,
  "atr_sl": 2.0,
  "atr_tp": 4.0,
  "atr_window": 14
}