{
  "fast": 20,
  "slow": 80,
  "final_equity": 1287722.622970459,
  "ann_return": 0.05098372013489105,
  "ann_vol": 0.023594338678058865,
  "sharpe": 2.160845482069072,
  "max_drawdown": -0.018548564714915183,
  "sortino": 0.8416516990916068,
  "calmar": 2.7486611993160994,
  "max_drawdown_duration_bars": 3490,
  "avg_drawdown_duration_bars": 80.70531400966183,
  "current_drawdown_duration_bars": 3490,
  "recovery_time_bars": 3490,
  "trades": 364,
  "atr_sl": 1.9,
  "atr_tp": 3.8,
  "atr_window": 14,
  "data_report": "data/outputs/stats/data_reports/data_USDCHF_H1_20x80_ATR1.9x3.8_W14_ABOVE_SHORT_BELOW.json",
  "data_validation": {
    "severity": "warn",
    "messages": [
      "Non-zero timestamp gaps detected (ratio=0.0085).",
      "Columns contain nulls (max ratio=0.0026).",
      "Detected numeric outliers (threshold z>5.0)."
    ]
  }
}