{
  "fast": 20,
  "slow": 80,
  "final_equity": 965891.8956139132,
  "ann_return": 0.02502104423868734,
  "ann_vol": 0.007262579281836949,
  "sharpe": 3.445200839495508,
  "max_drawdown": -0.001689116478022559,
  "sortino": 3.479330775071357,
  "calmar": 14.813095819170128,
  "max_drawdown_duration_bars": 446,
  "avg_drawdown_duration_bars": 26.41304347826087,
  "current_drawdown_duration_bars": 79,
  "recovery_time_bars": 446,
  "trades": 382,
  "atr_sl": 1.9,
  "atr_tp": 3.8,
  "atr_window": 14
}