{
  "fast": 20,
  "slow": 80,
  "final_equity": 960959.3000231179,
  "ann_return": 0.004038190602664082,
  "ann_vol": 0.0008054346243267642,
  "sharpe": 5.0136789265043955,
  "max_drawdown": -0.00026595346518422364,
  "sortino": 1.5622096552388252,
  "calmar": 15.183823981638529,
  "max_drawdown_duration_bars": 474,
  "avg_drawdown_duration_bars": 34.06666666666667,
  "current_drawdown_duration_bars": 0,
  "recovery_time_bars": 474,
  "trades": 14,
  "atr_sl": 1.9,
  "atr_tp": 3.8,
  "atr_window": 14
}