{
  "fast": 20,
  "slow": 80,
  "final_equity": 1170803.7819745864,
  "ann_return": 1.730655351515611,
  "ann_vol": 0.31712580744604874,
  "sharpe": 5.457314765560478,
  "max_drawdown": -0.10404638235045224,
  "sortino": 1.6555593214304092,
  "calmar": 16.633498564960806,
  "max_drawdown_duration_bars": 789,
  "avg_drawdown_duration_bars": 4.333333333333333,
  "current_drawdown_duration_bars": 789,
  "recovery_time_bars": 789,
  "trades": 8,
  "atr_sl": 1.9,
  "atr_tp": 3.8,
  "atr_window": 14
}