{
  "fast": 20,
  "slow": 80,
  "final_equity": 1010239.3451458991,
  "ann_return": 0.06420188920810888,
  "ann_vol": 0.033227789099021285,
  "sharpe": 1.9321745728186268,
  "max_drawdown": -0.00878016208363339,
  "sortino": 0.749133141181633,
  "calmar": 7.312153078333718,
  "max_drawdown_duration_bars": 395,
  "avg_drawdown_duration_bars": 68.16666666666667,
  "current_drawdown_duration_bars": 123,
  "recovery_time_bars": 395,
  "trades": 24,
  "atr_sl": 1.9,
  "atr_tp": 3.8,
  "atr_window": 14
}