{
  "fast": 20,
  "slow": 80,
  "final_equity": 1005675.8216347962,
  "ann_return": 0.03513098200142606,
  "ann_vol": 0.022972978361143676,
  "sharpe": 1.5292306225668302,
  "max_drawdown": -0.006350500521418358,
  "sortino": 0.49030030573272065,
  "calmar": 5.532002065496988,
  "max_drawdown_duration_bars": 359,
  "avg_drawdown_duration_bars": 82.375,
  "current_drawdown_duration_bars": 233,
  "recovery_time_bars": 359,
  "trades": 18,
  "atr_sl": 1.9,
  "atr_tp": 3.8,
  "atr_window": 14
}