{
  "fast": 20,
  "slow": 80,
  "final_equity": 966221.9449292063,
  "ann_return": 0.026437510197476755,
  "ann_vol": 0.007599103340675531,
  "sharpe": 3.479030223995686,
  "max_drawdown": -0.0019596279621678235,
  "sortino": 3.499968901531706,
  "calmar": 13.491086424501955,
  "max_drawdown_duration_bars": 233,
  "avg_drawdown_duration_bars": 20.25925925925926,
  "current_drawdown_duration_bars": 220,
  "recovery_time_bars": 233,
  "trades": 266,
  "atr_sl": 1.9,
  "atr_tp": 3.8,
  "atr_window": 14
}