{
  "fast": 20,
  "slow": 80,
  "final_equity": 1082902.3503658962,
  "ann_return": 0.016070964842455293,
  "ann_vol": 0.027176904908243534,
  "sharpe": 0.5913463985952465,
  "max_drawdown": -0.10082788763207334,
  "sortino": 0.19855180959537372,
  "calmar": 0.15939007768464963,
  "max_drawdown_duration_bars": 26754,
  "avg_drawdown_duration_bars": 25.43243243243243,
  "current_drawdown_duration_bars": 26754,
  "recovery_time_bars": 26754,
  "trades": 622,
  "atr_sl": 1.9,
  "atr_tp": 3.8,
  "atr_window": 14,
  "data_report": "data/outputs/stats/data_reports/data_GBPUSD_H1_20x80_ATR1.9x3.8_W14_ABOVE_SHORT_BELOW.json",
  "data_validation": {
    "severity": "warn",
    "messages": [
      "Non-zero timestamp gaps detected (ratio=0.0085).",
      "Columns contain nulls (max ratio=0.0026).",
      "Detected numeric outliers (threshold z>5.0)."
    ]
  }
}