{
  "fast": 20,
  "slow": 80,
  "final_equity": 960566.7193217897,
  "ann_return": 0.002384347236890072,
  "ann_vol": 0.000898037798167996,
  "sharpe": 2.6550633411579767,
  "max_drawdown": -0.00023254654571586484,
  "sortino": 0.6983389316278167,
  "calmar": 10.253204275944688,
  "max_drawdown_duration_bars": 700,
  "avg_drawdown_duration_bars": 142.2,
  "current_drawdown_duration_bars": 44,
  "recovery_time_bars": 700,
  "trades": 12,
  "atr_sl": 1.9,
  "atr_tp": 3.8,
  "atr_window": 14
}