{
  "fast": 20,
  "slow": 80,
  "final_equity": 966612.3689934333,
  "ann_return": -0.11841273493264082,
  "ann_vol": 0.39546669814021984,
  "sharpe": -0.2994253005107789,
  "max_drawdown": -0.12835858586561869,
  "sortino": -0.08639639450879721,
  "calmar": -0.9225151097925745,
  "max_drawdown_duration_bars": 670,
  "avg_drawdown_duration_bars": 17.0,
  "current_drawdown_duration_bars": 670,
  "recovery_time_bars": 670,
  "trades": 10,
  "atr_sl": 1.9,
  "atr_tp": 3.8,
  "atr_window": 14
}