{
  "fast": 20,
  "slow": 80,
  "final_equity": 1636217.129314128,
  "ann_return": 20.65730794091367,
  "ann_vol": 0.4367473181258602,
  "sharpe": 47.29807621843422,
  "max_drawdown": -0.07551873722675438,
  "sortino": 26.127523978846593,
  "calmar": 273.5388421404285,
  "max_drawdown_duration_bars": 238,
  "avg_drawdown_duration_bars": 14.875,
  "current_drawdown_duration_bars": 181,
  "recovery_time_bars": 238,
  "trades": 26,
  "atr_sl": 1.9,
  "atr_tp": 3.8,
  "atr_window": 14
}