{
  "fast": 20,
  "slow": 80,
  "final_equity": 1001244.8981820939,
  "ann_return": 0.0013870408937732837,
  "ann_vol": 0.047814234313711824,
  "sharpe": 0.02900895337302344,
  "max_drawdown": -0.09160347018569044,
  "sortino": 0.015765713140143297,
  "calmar": 0.015141794202354968,
  "max_drawdown_duration_bars": 14630,
  "avg_drawdown_duration_bars": 291.66037735849056,
  "current_drawdown_duration_bars": 14630,
  "recovery_time_bars": 14630,
  "trades": 1504,
  "atr_sl": 1.9,
  "atr_tp": 3.8,
  "atr_window": 14,
  "data_report": "data/outputs/stats/data_reports/data_GBPUSD_H1_20x80_ATR1.9x3.8_W14_ABOVE_SHORT_BELOW.json",
  "data_validation": {
    "severity": "warn",
    "messages": [
      "gap ratio=0.2938",
      "outliers detected: {'volume': 85}"
    ]
  }
}