{
  "fast": 20,
  "slow": 80,
  "final_equity": 992596.7498927373,
  "ann_return": -0.04389905737147337,
  "ann_vol": 0.013758548036009875,
  "sharpe": -3.1906751538445453,
  "max_drawdown": -0.008449188059233129,
  "sortino": -0.7114971775196879,
  "calmar": -5.195653956772951,
  "max_drawdown_duration_bars": 910,
  "avg_drawdown_duration_bars": 0.0,
  "current_drawdown_duration_bars": 910,
  "recovery_time_bars": 910,
  "trades": 18,
  "atr_sl": 1.9,
  "atr_tp": 3.8,
  "atr_window": 14
}