{
  "fast": 20,
  "slow": 80,
  "final_equity": 964462.3694483634,
  "ann_return": -0.006371510681704051,
  "ann_vol": 0.03698519479871312,
  "sharpe": -0.1722719243843416,
  "max_drawdown": -0.08344071281094011,
  "sortino": -0.08906073555101776,
  "calmar": -0.07635973455956224,
  "max_drawdown_duration_bars": 23056,
  "avg_drawdown_duration_bars": 246.23333333333332,
  "current_drawdown_duration_bars": 23056,
  "recovery_time_bars": 23056,
  "trades": 1358,
  "atr_sl": 1.9,
  "atr_tp": 3.8,
  "atr_window": 14,
  "data_report": "data/outputs/stats/data_reports/data_EURUSD_H1_20x80_ATR1.9x3.8_W14_ABOVE_SHORT_BELOW.json",
  "data_validation": {
    "severity": "warn",
    "messages": [
      "Non-zero timestamp gaps detected (ratio=0.0085).",
      "Columns contain nulls (max ratio=0.0026).",
      "Detected numeric outliers (threshold z>5.0)."
    ]
  }
}