{
  "fast": 20,
  "slow": 80,
  "final_equity": 990364.244700796,
  "ann_return": 0.015458819301430227,
  "ann_vol": 0.3853384758366534,
  "sharpe": 0.04011750777771614,
  "max_drawdown": -0.13361942845536032,
  "sortino": 0.01191267188120738,
  "calmar": 0.11569290095111222,
  "max_drawdown_duration_bars": 832,
  "avg_drawdown_duration_bars": 16.0,
  "current_drawdown_duration_bars": 832,
  "recovery_time_bars": 832,
  "trades": 6,
  "atr_sl": 1.9,
  "atr_tp": 3.8,
  "atr_window": 14
}