{
  "fast": 20,
  "slow": 80,
  "final_equity": 959718.7302670972,
  "ann_return": -0.0011776451102541996,
  "ann_vol": 0.0028133643651892365,
  "sharpe": -0.4185896163417806,
  "max_drawdown": -0.0016425409973616538,
  "sortino": -0.1704431814138621,
  "calmar": -0.7169654286534112,
  "max_drawdown_duration_bars": 793,
  "avg_drawdown_duration_bars": 177.33333333333334,
  "current_drawdown_duration_bars": 793,
  "recovery_time_bars": 793,
  "trades": 90,
  "atr_sl": 1.9,
  "atr_tp": 3.8,
  "atr_window": 14
}