{
  "fast": 20,
  "slow": 80,
  "final_equity": 1010561.2260706517,
  "ann_return": 0.01007960717967804,
  "ann_vol": 0.003331943872692504,
  "sharpe": 3.025143149104979,
  "max_drawdown": -0.003794964901641544,
  "sortino": 1.2064747390869714,
  "calmar": 2.6560475369134564,
  "max_drawdown_duration_bars": 2917,
  "avg_drawdown_duration_bars": 87.268,
  "current_drawdown_duration_bars": 205,
  "recovery_time_bars": 2917,
  "trades": 674,
  "atr_sl": 1.9,
  "atr_tp": 3.8,
  "atr_window": 14,
  "data_report": "data/outputs/stats/data_reports/data_USDJPY_H1_20x80_ATR1.9x3.8_W14_ABOVE_SHORT_BELOW.json",
  "data_validation": {
    "severity": "warn",
    "messages": [
      "Non-zero timestamp gaps detected (ratio=0.0085).",
      "Detected numeric outliers (threshold z>5.0)."
    ]
  }
}