{
  "fast": 20,
  "slow": 80,
  "final_equity": 988944.1314325084,
  "ann_return": -0.0010639462415561463,
  "ann_vol": 0.047088129903770586,
  "sharpe": -0.022594786493547934,
  "max_drawdown": -0.1224399636207604,
  "sortino": -0.0007760098098926898,
  "calmar": -0.008689534120179598,
  "max_drawdown_duration_bars": 30724,
  "avg_drawdown_duration_bars": 3.75,
  "current_drawdown_duration_bars": 30724,
  "recovery_time_bars": 30724,
  "trades": 6,
  "atr_sl": 1.9,
  "atr_tp": 3.8,
  "atr_window": 14,
  "data_report": "data/outputs/stats/data_reports/data_GBPJPY_H1_20x80_ATR1.9x3.8_W14_ABOVE_SHORT_BELOW.json",
  "data_validation": {
    "severity": "warn",
    "messages": [
      "Non-zero timestamp gaps detected (ratio=0.0085).",
      "Columns contain nulls (max ratio=0.0026).",
      "Detected numeric outliers (threshold z>5.0)."
    ]
  }
}