{
  "fast": 20,
  "slow": 80,
  "final_equity": 1065962.9458588625,
  "ann_return": 0.012803872754595158,
  "ann_vol": 0.021519685770164988,
  "sharpe": 0.5949841875640451,
  "max_drawdown": -0.039219098458135544,
  "sortino": 0.19388865442746162,
  "calmar": 0.3264703488343227,
  "max_drawdown_duration_bars": 12266,
  "avg_drawdown_duration_bars": 293.22352941176473,
  "current_drawdown_duration_bars": 3791,
  "recovery_time_bars": 12266,
  "trades": 650,
  "atr_sl": 1.9,
  "atr_tp": 3.8,
  "atr_window": 14,
  "data_report": "data/outputs/stats/data_reports/data_EURUSD_H1_20x80_ATR1.9x3.8_W14_ABOVE_SHORT_BELOW.json",
  "data_validation": {
    "severity": "warn",
    "messages": [
      "Non-zero timestamp gaps detected (ratio=0.0085).",
      "Columns contain nulls (max ratio=0.0026).",
      "Detected numeric outliers (threshold z>5.0)."
    ]
  }
}