{
  "fast": 20,
  "slow": 80,
  "final_equity": 962531.3688225283,
  "ann_return": 0.011246197817957215,
  "ann_vol": 0.03343179462442292,
  "sharpe": 0.33639228597502613,
  "max_drawdown": -0.018258540164310375,
  "sortino": 0.09884789505394907,
  "calmar": 0.6159417848717142,
  "max_drawdown_duration_bars": 1180,
  "avg_drawdown_duration_bars": 20.5,
  "current_drawdown_duration_bars": 1180,
  "recovery_time_bars": 1180,
  "trades": 26,
  "atr_sl": 2.0,
  "atr_tp": 4.0,
  "atr_window": 14
}