{
  "label_mode": "binary",
  "p_long": 0.55,
  "p_exit": 0.45,
  "val_metrics": {
    "long": {
      "sharpe": -3.6466820591424707,
      "trades": 211
    }
  },
  "test_metrics": {
    "long": {
      "sharpe": -0.13475686762001995,
      "trades": 163
    }
  }
}