{
  "label": "usdjpy_xgb_v2_balanced_full",
  "session_dir": "results/walkforward_usdjpy_xgb_v2_balanced_full_20251116_180153",
  "source_csv": "QuantResearch/data/clean/USDJPY_H1_clean_v2.csv",
  "train_bars": 6000,
  "test_bars": 1500,
  "step_bars": 1500,
  "created_at": "2025-11-16T18:02:01.623538+00:00",
  "sharpe_threshold": 1.0,
  "max_dd_threshold": 0.1,
  "base_validation": null,
  "windows": 16,
  "aggregates": {
    "sharpe": {
      "mean": 1.66353402044572,
      "median": 1.2272417507455022,
      "std": 2.627392128265576,
      "p05": -1.9432921168810644,
      "p95": 5.130882046654089
    },
    "ann_return": {
      "mean": 0.0018870011784257804,
      "median": 0.0011941267224869767,
      "std": 0.0028267759975360083,
      "p05": -0.0020417826107691772,
      "p95": 0.0058005040348556025
    },
    "ann_vol": {
      "mean": 0.001118370673562148,
      "median": 0.0011529106072938008,
      "std": 0.00025413404740528596,
      "p05": 0.0008088444261551591,
      "p95": 0.0014669246870582272
    },
    "max_drawdown": {
      "mean": -0.00048590570017796413,
      "median": -0.0004033398742745828,
      "std": 0.00026062456379087205,
      "p05": -0.0009558284127636129,
      "p95": -0.00019565944546105784
    },
    "sortino": {
      "mean": 0.6532164618854955,
      "median": 0.3864012207279198,
      "std": 0.9057822892776382,
      "p05": -0.5151734483420879,
      "p95": 2.0114346087430026
    },
    "calmar": {
      "mean": 8.042300836528305,
      "median": 3.364412668239779,
      "std": 10.493697557069902,
      "p05": -2.2084215147529,
      "p95": 26.630725388997817
    }
  },
  "run_ids": [
    "20251116_180153",
    "20251116_180153",
    "20251116_180154",
    "20251116_180154",
    "20251116_180155",
    "20251116_180155",
    "20251116_180156",
    "20251116_180156",
    "20251116_180157",
    "20251116_180157",
    "20251116_180158",
    "20251116_180158",
    "20251116_180159",
    "20251116_180159",
    "20251116_180200",
    "20251116_180201"
  ],
  "passes": 9,
  "fails": 7
}