{
  "label": "audusd_h1_xgb_baseline",
  "session_dir": "results/walkforward_fx_top6/walkforward_audusd_h1_xgb_baseline_20251119_155659",
  "source_csv": "QuantResearch/data/clean/AUDUSD_H1_clean_v2_with_regime.csv",
  "train_bars": 3000,
  "test_bars": 1000,
  "step_bars": 1000,
  "created_at": "2025-11-19T15:57:08.860619+00:00",
  "sharpe_threshold": 1.0,
  "max_dd_threshold": 0.1,
  "base_validation": null,
  "windows": 27,
  "aggregates": {
    "sharpe": {
      "mean": 1.1035365815559857,
      "median": 0.0,
      "std": 2.2083177512710783,
      "p05": -1.8250862303304842,
      "p95": 4.733440599197925
    },
    "ann_return": {
      "mean": 0.020923408083839107,
      "median": 0.0,
      "std": 0.043023302984079456,
      "p05": -0.006408229825289324,
      "p95": 0.12880308252169345
    },
    "ann_vol": {
      "mean": 0.007324620911507213,
      "median": 0.004719025213935222,
      "std": 0.010866238262003659,
      "p05": 0.0,
      "p95": 0.026210312968186072
    },
    "max_drawdown": {
      "mean": -0.0017909131470285554,
      "median": -0.0006651851037499728,
      "std": 0.003163142130151682,
      "p05": -0.0045013750606039335,
      "p95": 0.0
    },
    "sortino": {
      "mean": 0.3591216669214674,
      "median": 0.0,
      "std": 0.7521254908883442,
      "p05": -0.0816557339071709,
      "p95": 1.9580575189011697
    },
    "calmar": {
      "mean": 8.797194449847607,
      "median": 0.0,
      "std": 16.68315722380184,
      "p05": -3.346849594595149,
      "p95": 42.14639674205324
    }
  },
  "run_ids": [
    "20251119_155659",
    "20251119_155700",
    "20251119_155700",
    "20251119_155701",
    "20251119_155701",
    "20251119_155701",
    "20251119_155701",
    "20251119_155702",
    "20251119_155702",
    "20251119_155702",
    "20251119_155703",
    "20251119_155703",
    "20251119_155703",
    "20251119_155704",
    "20251119_155704",
    "20251119_155704",
    "20251119_155705",
    "20251119_155705",
    "20251119_155705",
    "20251119_155706",
    "20251119_155706",
    "20251119_155706",
    "20251119_155707",
    "20251119_155707",
    "20251119_155707",
    "20251119_155708",
    "20251119_155708"
  ],
  "passes": 11,
  "fails": 16
}