{
  "fast": 20,
  "slow": 80,
  "final_equity": 960544.4560177709,
  "ann_return": 0.0022906094343639882,
  "ann_vol": 0.0008923393243181198,
  "sharpe": 2.5669712988546762,
  "max_drawdown": -0.00022531831370443232,
  "sortino": 0.7753771657828105,
  "calmar": 10.16610410713778,
  "max_drawdown_duration_bars": 353,
  "avg_drawdown_duration_bars": 92.25,
  "current_drawdown_duration_bars": 0,
  "recovery_time_bars": 353,
  "trades": 8,
  "atr_sl": 1.9,
  "atr_tp": 3.8,
  "atr_window": 14
}