{
  "fast": 20,
  "slow": 80,
  "final_equity": 1012785.1127788826,
  "ann_return": 0.0024911543583499007,
  "ann_vol": 0.0027735322471691562,
  "sharpe": 0.8981883520166501,
  "max_drawdown": -0.0024582565688184886,
  "sortino": 0.04220346331451014,
  "calmar": 1.0133825695611682,
  "max_drawdown_duration_bars": 1486,
  "avg_drawdown_duration_bars": 249.66666666666666,
  "current_drawdown_duration_bars": 0,
  "recovery_time_bars": 1486,
  "trades": 6,
  "atr_sl": 1.9,
  "atr_tp": 3.8,
  "atr_window": 14,
  "data_report": "data/outputs/stats/data_reports/data_USDCHF_H1_20x80_ATR1.9x3.8_W14_ABOVE_SHORT_BELOW.json",
  "data_validation": {
    "severity": "warn",
    "messages": [
      "Non-zero timestamp gaps detected (ratio=0.0085).",
      "Columns contain nulls (max ratio=0.0026).",
      "Detected numeric outliers (threshold z>5.0)."
    ]
  }
}