{
  "label": "usdjpy_xgb_short_v1k",
  "session_dir": "results/walkforward_usdjpy_xgb_short_v1k_20251117_100405",
  "source_csv": "QuantResearch/data/clean/USDJPY_H1_clean_v2.csv",
  "train_bars": 6000,
  "test_bars": 1500,
  "step_bars": 1500,
  "created_at": "2025-11-17T10:04:14.805156+00:00",
  "sharpe_threshold": 1.0,
  "max_dd_threshold": 0.1,
  "base_validation": null,
  "windows": 16,
  "aggregates": {
    "sharpe": {
      "mean": 1.9708810956619052,
      "median": 1.4302691757899293,
      "std": 3.5673598174767824,
      "p05": -2.7307037502769247,
      "p95": 7.225980721599146
    },
    "ann_return": {
      "mean": 0.0094984367821049,
      "median": 0.006639066139378702,
      "std": 0.016075716166388566,
      "p05": -0.010302624018078105,
      "p95": 0.037063102926484404
    },
    "ann_vol": {
      "mean": 0.0042321743949973595,
      "median": 0.004270456245176109,
      "std": 0.0007833056668873459,
      "p05": 0.003065318101193007,
      "p95": 0.005564456281154416
    },
    "max_drawdown": {
      "mean": -0.002120172118321261,
      "median": -0.0018414588874382009,
      "std": 0.0010334088304449493,
      "p05": -0.003858187897747652,
      "p95": -0.0010530088017811272
    },
    "sortino": {
      "mean": 1.4921890436236889,
      "median": 0.9994851325738012,
      "std": 2.495628274306938,
      "p05": -1.51170547215998,
      "p95": 5.8617675855122275
    },
    "calmar": {
      "mean": 8.934027940302062,
      "median": 3.490035583153197,
      "std": 12.869948810397844,
      "p05": -2.6619100271389233,
      "p95": 32.657824123215484
    }
  },
  "run_ids": [
    "20251117_100405",
    "20251117_100406",
    "20251117_100406",
    "20251117_100407",
    "20251117_100407",
    "20251117_100408",
    "20251117_100409",
    "20251117_100409",
    "20251117_100410",
    "20251117_100410",
    "20251117_100411",
    "20251117_100411",
    "20251117_100412",
    "20251117_100413",
    "20251117_100413",
    "20251117_100414"
  ],
  "passes": 8,
  "fails": 8
}