{
  "fast": 20,
  "slow": 80,
  "final_equity": 1004498.8194691694,
  "ann_return": 0.027760445583901783,
  "ann_vol": 0.020366028229968747,
  "sharpe": 1.3630760632577392,
  "max_drawdown": -0.0064326106664428714,
  "sortino": 0.5622633920830729,
  "calmar": 4.315579944659212,
  "max_drawdown_duration_bars": 429,
  "avg_drawdown_duration_bars": 6.4,
  "current_drawdown_duration_bars": 429,
  "recovery_time_bars": 429,
  "trades": 18,
  "atr_sl": 1.9,
  "atr_tp": 3.8,
  "atr_window": 14
}