{
  "fast": 20,
  "slow": 80,
  "final_equity": 968578.5903204193,
  "ann_return": 0.03656215703234822,
  "ann_vol": 0.005595207263929369,
  "sharpe": 6.534549178911303,
  "max_drawdown": -0.0011372411214961332,
  "sortino": 5.686482814761945,
  "calmar": 32.149872477568984,
  "max_drawdown_duration_bars": 159,
  "avg_drawdown_duration_bars": 14.070422535211268,
  "current_drawdown_duration_bars": 41,
  "recovery_time_bars": 159,
  "trades": 188,
  "atr_sl": 1.9,
  "atr_tp": 3.8,
  "atr_window": 14
}