{
  "label_mode": "binary",
  "p_long": 0.6000000000000001,
  "p_exit": 0.45,
  "val_metrics": {
    "long": {
      "sharpe": -1.273017615175642,
      "trades": 182
    }
  },
  "test_metrics": {
    "long": {
      "sharpe": -3.6739573166691364,
      "trades": 203
    }
  }
}