{
  "fast": 20,
  "slow": 80,
  "final_equity": 1036276.8437513368,
  "ann_return": 0.2710186576220315,
  "ann_vol": 0.21995743155531633,
  "sharpe": 1.2321413998411503,
  "max_drawdown": -0.10476125858194837,
  "sortino": 0.3407692322285826,
  "calmar": 2.5870122342032578,
  "max_drawdown_duration_bars": 47,
  "avg_drawdown_duration_bars": 18.0,
  "current_drawdown_duration_bars": 0,
  "recovery_time_bars": 47,
  "trades": 6,
  "atr_sl": 1.9,
  "atr_tp": 3.8,
  "atr_window": 14
}