{
  "label": "usdjpy_xgb_short_v1",
  "session_dir": "results/walkforward_usdjpy_xgb_short_v1_20251116_192719",
  "source_csv": "QuantResearch/data/clean/USDJPY_H1_clean_v2.csv",
  "train_bars": 6000,
  "test_bars": 1500,
  "step_bars": 1500,
  "created_at": "2025-11-16T19:27:28.130934+00:00",
  "sharpe_threshold": 1.0,
  "max_dd_threshold": 0.1,
  "base_validation": null,
  "windows": 16,
  "aggregates": {
    "sharpe": {
      "mean": 1.5545240461546133,
      "median": 1.609722494083704,
      "std": 2.316038735310686,
      "p05": -3.025545814857687,
      "p95": 4.348075872619271
    },
    "ann_return": {
      "mean": 0.0016014846237792923,
      "median": 0.0012860376242754823,
      "std": 0.0017858882785917328,
      "p05": -0.0011183460513704835,
      "p95": 0.004162456832107475
    },
    "ann_vol": {
      "mean": 0.0007740005252404197,
      "median": 0.0007670118829262995,
      "std": 0.0002830013603436853,
      "p05": 0.00036985394442298547,
      "p95": 0.0012193964029273462
    },
    "max_drawdown": {
      "mean": -0.0002948173459692039,
      "median": -0.0003009311920131492,
      "std": 0.00010633187109902704,
      "p05": -0.0004458936018016372,
      "p95": -0.00011719765560917933
    },
    "sortino": {
      "mean": 0.5642927374932525,
      "median": 0.4722644177483136,
      "std": 0.6594931205670755,
      "p05": -0.31302078846678294,
      "p95": 1.750147138977925
    },
    "calmar": {
      "mean": 7.448014917249706,
      "median": 5.291713534318916,
      "std": 9.925511844939855,
      "p05": -3.571656274237731,
      "p95": 25.746503771879567
    }
  },
  "run_ids": [
    "20251116_192719",
    "20251116_192720",
    "20251116_192720",
    "20251116_192721",
    "20251116_192721",
    "20251116_192722",
    "20251116_192722",
    "20251116_192723",
    "20251116_192723",
    "20251116_192724",
    "20251116_192725",
    "20251116_192725",
    "20251116_192726",
    "20251116_192726",
    "20251116_192727",
    "20251116_192727"
  ],
  "passes": 10,
  "fails": 6
}