{
  "fast": 20,
  "slow": 80,
  "final_equity": 999504.7703024443,
  "ann_return": -0.00289038445152201,
  "ann_vol": 0.014452557572974766,
  "sharpe": -0.19999120826384523,
  "max_drawdown": -0.0064154833525601465,
  "sortino": -0.04532074221164076,
  "calmar": -0.4505326087969008,
  "max_drawdown_duration_bars": 362,
  "avg_drawdown_duration_bars": 92.25,
  "current_drawdown_duration_bars": 304,
  "recovery_time_bars": 362,
  "trades": 12,
  "atr_sl": 1.9,
  "atr_tp": 3.8,
  "atr_window": 14
}