{
  "fast": 20,
  "slow": 80,
  "final_equity": 960541.309649344,
  "ann_return": 0.002277130921553905,
  "ann_vol": 0.0005766359193040243,
  "sharpe": 3.948992501719816,
  "max_drawdown": -0.00024112313474916765,
  "sortino": 1.0379045481327744,
  "calmar": 9.443850852066635,
  "max_drawdown_duration_bars": 333,
  "avg_drawdown_duration_bars": 52.77777777777778,
  "current_drawdown_duration_bars": 0,
  "recovery_time_bars": 333,
  "trades": 14,
  "atr_sl": 1.9,
  "atr_tp": 3.8,
  "atr_window": 14
}