{
  "fast": 20,
  "slow": 80,
  "final_equity": 917659.7710582982,
  "ann_return": -0.0162958464116727,
  "ann_vol": 0.027308727339248846,
  "sharpe": -0.5967266877446854,
  "max_drawdown": -0.10171641937852335,
  "sortino": -0.26119959233064105,
  "calmar": -0.16020861244662965,
  "max_drawdown_duration_bars": 29038,
  "avg_drawdown_duration_bars": 62.333333333333336,
  "current_drawdown_duration_bars": 29038,
  "recovery_time_bars": 29038,
  "trades": 1186,
  "atr_sl": 1.9,
  "atr_tp": 3.8,
  "atr_window": 14,
  "data_report": "data/outputs/stats/data_reports/data_AUDUSD_H1_20x80_ATR1.9x3.8_W14_ABOVE_SHORT_BELOW.json",
  "data_validation": {
    "severity": "warn",
    "messages": [
      "Non-zero timestamp gaps detected (ratio=0.0085).",
      "Columns contain nulls (max ratio=0.0026).",
      "Detected numeric outliers (threshold z>5.0)."
    ]
  }
}