{
  "fast": 20,
  "slow": 80,
  "final_equity": 1003009.771897107,
  "ann_return": 0.01837508175123337,
  "ann_vol": 0.005360515648547579,
  "sharpe": 3.4278571234489466,
  "max_drawdown": -0.0006651851037499728,
  "sortino": 0.5870747967326004,
  "calmar": 27.624012696081245,
  "max_drawdown_duration_bars": 2,
  "avg_drawdown_duration_bars": 1.3333333333333333,
  "current_drawdown_duration_bars": 0,
  "recovery_time_bars": 2,
  "trades": 2,
  "atr_sl": 1.9,
  "atr_tp": 3.8,
  "atr_window": 14
}