{
  "fast": 20,
  "slow": 80,
  "final_equity": 997397.3500611607,
  "ann_return": -0.01562842143951393,
  "ann_vol": 0.007113664063113734,
  "sharpe": -2.196958037497372,
  "max_drawdown": -0.0044936814498212135,
  "sortino": -0.19600635158327911,
  "calmar": -3.4778658910358953,
  "max_drawdown_duration_bars": 99,
  "avg_drawdown_duration_bars": 1.5,
  "current_drawdown_duration_bars": 99,
  "recovery_time_bars": 99,
  "trades": 2,
  "atr_sl": 1.9,
  "atr_tp": 3.8,
  "atr_window": 14
}