{
  "fast": 20,
  "slow": 80,
  "final_equity": 959188.1780012948,
  "ann_return": -0.003407147982418146,
  "ann_vol": 0.000900212720014408,
  "sharpe": -3.7848254158901624,
  "max_drawdown": -0.0010285693617856685,
  "sortino": -0.7716714245323679,
  "calmar": -3.312511638984753,
  "max_drawdown_duration_bars": 1013,
  "avg_drawdown_duration_bars": 25.25,
  "current_drawdown_duration_bars": 1013,
  "recovery_time_bars": 1013,
  "trades": 14,
  "atr_sl": 1.9,
  "atr_tp": 3.8,
  "atr_window": 14
}