{
  "label_mode": "binary",
  "p_long": 0.7000000000000001,
  "p_exit": 0.45,
  "val_metrics": {
    "long": {
      "sharpe": 5.8174589014987115,
      "trades": 50
    }
  },
  "test_metrics": {
    "long": {
      "sharpe": 5.369749930168453,
      "trades": 39
    }
  }
}