{
  "fast": 20,
  "slow": 80,
  "final_equity": 946631.6636863947,
  "ann_return": -0.2693186763761971,
  "ann_vol": 0.19070598955899748,
  "sharpe": -1.4122192858178675,
  "max_drawdown": -0.09943166134399778,
  "sortino": -0.3711950005237786,
  "calmar": -2.70858067476567,
  "max_drawdown_duration_bars": 792,
  "avg_drawdown_duration_bars": 36.333333333333336,
  "current_drawdown_duration_bars": 792,
  "recovery_time_bars": 792,
  "trades": 8,
  "atr_sl": 1.9,
  "atr_tp": 3.8,
  "atr_window": 14
}