{
  "fast": 20,
  "slow": 80,
  "final_equity": 990971.6892485797,
  "ann_return": -0.0016256915118841864,
  "ann_vol": 0.017121275033536814,
  "sharpe": -0.09495154471263466,
  "max_drawdown": -0.04429199059849063,
  "sortino": -0.017372037972740326,
  "calmar": -0.03670396136902428,
  "max_drawdown_duration_bars": 22152,
  "avg_drawdown_duration_bars": 915.0,
  "current_drawdown_duration_bars": 22152,
  "recovery_time_bars": 22152,
  "trades": 254,
  "atr_sl": 1.9,
  "atr_tp": 3.8,
  "atr_window": 14,
  "data_report": "data/outputs/stats/data_reports/data_EURUSD_H1_20x80_ATR1.9x3.8_W14_ABOVE_SHORT_BELOW.json",
  "data_validation": {
    "severity": "warn",
    "messages": [
      "Non-zero timestamp gaps detected (ratio=0.0085).",
      "Columns contain nulls (max ratio=0.0026).",
      "Detected numeric outliers (threshold z>5.0)."
    ]
  }
}