{
  "fast": 20,
  "slow": 80,
  "final_equity": 1002019.2505947963,
  "ann_return": 0.0006149298938371572,
  "ann_vol": 0.02099069672722622,
  "sharpe": 0.029295354119406408,
  "max_drawdown": -0.07168304635428376,
  "sortino": 0.00914959574529966,
  "calmar": 0.008578456484647003,
  "max_drawdown_duration_bars": 23050,
  "avg_drawdown_duration_bars": 84.63793103448276,
  "current_drawdown_duration_bars": 23050,
  "recovery_time_bars": 23050,
  "trades": 512,
  "atr_sl": 1.9,
  "atr_tp": 3.8,
  "atr_window": 14,
  "data_report": "data/outputs/stats/data_reports/data_AUDUSD_H1_20x80_ATR1.9x3.8_W14_ABOVE_SHORT_BELOW.json",
  "data_validation": {
    "severity": "warn",
    "messages": [
      "Non-zero timestamp gaps detected (ratio=0.0085).",
      "Columns contain nulls (max ratio=0.0026).",
      "Detected numeric outliers (threshold z>5.0)."
    ]
  }
}