{
  "label": "gbpusd_h1_xgb_tuned",
  "session_dir": "results/walkforward_fx_top6/walkforward_gbpusd_h1_xgb_tuned_20251119_165847",
  "source_csv": "QuantResearch/data/clean/GBPUSD_H1_clean_v2_with_regime.csv",
  "train_bars": 3000,
  "test_bars": 1000,
  "step_bars": 1000,
  "created_at": "2025-11-19T16:58:57.015621+00:00",
  "sharpe_threshold": 1.0,
  "max_dd_threshold": 0.1,
  "base_validation": null,
  "windows": 27,
  "aggregates": {
    "sharpe": {
      "mean": 0.060098881945869174,
      "median": 0.0,
      "std": 2.201336722953532,
      "p05": -3.135169901989924,
      "p95": 3.6201268904491766
    },
    "ann_return": {
      "mean": 0.029068836048159435,
      "median": 0.0,
      "std": 0.13642445909800374,
      "p05": -0.018090254751641277,
      "p95": 0.09529722163077367
    },
    "ann_vol": {
      "mean": 0.006832589379961086,
      "median": 0.0,
      "std": 0.017590856362791573,
      "p05": 0.0,
      "p95": 0.025220832157869737
    },
    "max_drawdown": {
      "mean": -0.001789570941886247,
      "median": 0.0,
      "std": 0.0031454451514468375,
      "p05": -0.005261791866957754,
      "p95": 0.0
    },
    "sortino": {
      "mean": 0.12685326791031748,
      "median": 0.0,
      "std": 0.662891205389242,
      "p05": -0.28432566835149164,
      "p95": 0.6827664028864175
    },
    "calmar": {
      "mean": 2.308553255753661,
      "median": 0.0,
      "std": 10.545783497901901,
      "p05": -5.995273540499747,
      "p95": 19.818714396177768
    }
  },
  "run_ids": [
    "20251119_165847",
    "20251119_165847",
    "20251119_165848",
    "20251119_165848",
    "20251119_165849",
    "20251119_165849",
    "20251119_165849",
    "20251119_165850",
    "20251119_165850",
    "20251119_165851",
    "20251119_165851",
    "20251119_165851",
    "20251119_165852",
    "20251119_165852",
    "20251119_165852",
    "20251119_165853",
    "20251119_165853",
    "20251119_165853",
    "20251119_165853",
    "20251119_165854",
    "20251119_165854",
    "20251119_165855",
    "20251119_165855",
    "20251119_165855",
    "20251119_165856",
    "20251119_165856",
    "20251119_165856"
  ],
  "passes": 3,
  "fails": 24
}