{
  "fast": 20,
  "slow": 80,
  "final_equity": 969189.7111583061,
  "ann_return": 0.040293261892465404,
  "ann_vol": 0.046132989672867074,
  "sharpe": 0.8734153623727473,
  "max_drawdown": -0.024244335121299986,
  "sortino": 0.22195476837339864,
  "calmar": 1.6619660506616885,
  "max_drawdown_duration_bars": 549,
  "avg_drawdown_duration_bars": 155.4,
  "current_drawdown_duration_bars": 484,
  "recovery_time_bars": 549,
  "trades": 18,
  "atr_sl": 2.0,
  "atr_tp": 4.0,
  "atr_window": 14
}