{
  "fast": 20,
  "slow": 80,
  "final_equity": 961238.0435036186,
  "ann_return": 0.005214183929161509,
  "ann_vol": 0.0012152392592553862,
  "sharpe": 4.290664483927549,
  "max_drawdown": -0.00020692646275380234,
  "sortino": 1.988442357789625,
  "calmar": 25.198246081098183,
  "max_drawdown_duration_bars": 478,
  "avg_drawdown_duration_bars": 31.76,
  "current_drawdown_duration_bars": 5,
  "recovery_time_bars": 478,
  "trades": 22,
  "atr_sl": 1.9,
  "atr_tp": 3.8,
  "atr_window": 14
}