{
  "fast": 20,
  "slow": 80,
  "final_equity": 1000299.6289324998,
  "ann_return": 0.0018264868056316885,
  "ann_vol": 0.004719025213935222,
  "sharpe": 0.38704747756763325,
  "max_drawdown": -0.0010138525432215487,
  "sortino": 0.036393206828603836,
  "calmar": 1.8015310193215757,
  "max_drawdown_duration_bars": 428,
  "avg_drawdown_duration_bars": 2.5,
  "current_drawdown_duration_bars": 428,
  "recovery_time_bars": 428,
  "trades": 2,
  "atr_sl": 1.9,
  "atr_tp": 3.8,
  "atr_window": 14
}