{
  "fast": 20,
  "slow": 80,
  "final_equity": 998507.6580331608,
  "ann_return": -0.008977497145382651,
  "ann_vol": 0.006848269170369357,
  "sharpe": -1.3109147613861176,
  "max_drawdown": -0.0029753228503462004,
  "sortino": -0.20538437974637008,
  "calmar": -3.0173186564738863,
  "max_drawdown_duration_bars": 548,
  "avg_drawdown_duration_bars": 132.0,
  "current_drawdown_duration_bars": 548,
  "recovery_time_bars": 548,
  "trades": 8,
  "atr_sl": 1.9,
  "atr_tp": 3.8,
  "atr_window": 14
}