{
  "fast": 20,
  "slow": 80,
  "final_equity": 998102.6858583397,
  "ann_return": -0.011424098653504466,
  "ann_vol": 0.003873759719853157,
  "sharpe": -2.9490984159279554,
  "max_drawdown": -0.0025752903231318863,
  "sortino": -0.2931314113846219,
  "calmar": -4.436043016544746,
  "max_drawdown_duration_bars": 911,
  "avg_drawdown_duration_bars": 3.0,
  "current_drawdown_duration_bars": 911,
  "recovery_time_bars": 911,
  "trades": 4,
  "atr_sl": 1.9,
  "atr_tp": 3.8,
  "atr_window": 14
}