{
  "fast": 20,
  "slow": 80,
  "final_equity": 993335.2851660742,
  "ann_return": -0.03793043534965712,
  "ann_vol": 0.06026880557382217,
  "sharpe": -0.6293543565119574,
  "max_drawdown": -0.025564059864791,
  "sortino": -0.25423233257412176,
  "calmar": -1.4837406714845849,
  "max_drawdown_duration_bars": 864,
  "avg_drawdown_duration_bars": 5.857142857142857,
  "current_drawdown_duration_bars": 864,
  "recovery_time_bars": 864,
  "trades": 22,
  "atr_sl": 1.9,
  "atr_tp": 3.8,
  "atr_window": 14
}