{
  "fast": 20,
  "slow": 80,
  "final_equity": 961501.3951498208,
  "ann_return": 0.006326624194804786,
  "ann_vol": 0.001765802909068297,
  "sharpe": 3.5828597644246423,
  "max_drawdown": -0.0004484804913637969,
  "sortino": 1.5026443261138853,
  "calmar": 14.106799106391401,
  "max_drawdown_duration_bars": 317,
  "avg_drawdown_duration_bars": 29.75,
  "current_drawdown_duration_bars": 288,
  "recovery_time_bars": 317,
  "trades": 32,
  "atr_sl": 2.0,
  "atr_tp": 4.0,
  "atr_window": 14
}