{
  "fast": 20,
  "slow": 80,
  "final_equity": 1197048.0830902185,
  "ann_return": 0.036298402136023755,
  "ann_vol": 0.031140533141864577,
  "sharpe": 1.165632006705276,
  "max_drawdown": -0.0826028506939618,
  "sortino": 0.6139458427743534,
  "calmar": 0.4394328020289152,
  "max_drawdown_duration_bars": 13213,
  "avg_drawdown_duration_bars": 67.33624454148472,
  "current_drawdown_duration_bars": 13213,
  "recovery_time_bars": 13213,
  "trades": 1390,
  "atr_sl": 1.9,
  "atr_tp": 3.8,
  "atr_window": 14,
  "data_report": "data/outputs/stats/data_reports/data_USDCHF_H1_20x80_ATR1.9x3.8_W14_ABOVE_SHORT_BELOW.json",
  "data_validation": {
    "severity": "warn",
    "messages": [
      "Non-zero timestamp gaps detected (ratio=0.0085).",
      "Columns contain nulls (max ratio=0.0026).",
      "Detected numeric outliers (threshold z>5.0)."
    ]
  }
}