{
  "fast": 20,
  "slow": 80,
  "final_equity": 960206.6971994827,
  "ann_return": 0.0008692123505933402,
  "ann_vol": 0.0006649555406933615,
  "sharpe": 1.3071736340252107,
  "max_drawdown": -0.00026369717595001185,
  "sortino": 0.20923927382439036,
  "calmar": 3.2962520264460995,
  "max_drawdown_duration_bars": 516,
  "avg_drawdown_duration_bars": 24.8,
  "current_drawdown_duration_bars": 516,
  "recovery_time_bars": 516,
  "trades": 8,
  "atr_sl": 1.9,
  "atr_tp": 3.8,
  "atr_window": 14
}