{
  "metrics": {
    "train_acc": 0.5960748269896193,
    "val_acc": 0.4609146934803763,
    "test_acc": 0.45345442750567627,
    "train_confusion": [
      [
        3315,
        11,
        3981
      ],
      [
        544,
        97,
        1924
      ],
      [
        1005,
        6,
        7613
      ]
    ],
    "val_confusion": [
      [
        569,
        4,
        1846
      ],
      [
        171,
        0,
        631
      ],
      [
        667,
        5,
        2273
      ]
    ],
    "test_confusion": [
      [
        612,
        0,
        1910
      ],
      [
        150,
        0,
        599
      ],
      [
        711,
        0,
        2184
      ]
    ]
  },
  "class_mapping": {
    "trend_down": 0,
    "chop": 1,
    "trend_up": 2
  }
}