{
  "fast": 20,
  "slow": 80,
  "final_equity": 910738.7462920026,
  "ann_return": -0.017779136758411918,
  "ann_vol": 0.0262388843284173,
  "sharpe": -0.6775873751292357,
  "max_drawdown": -0.10134827149114342,
  "sortino": -0.17868962340284103,
  "calmar": -0.17542614685802108,
  "max_drawdown_duration_bars": 30438,
  "avg_drawdown_duration_bars": 40.714285714285715,
  "current_drawdown_duration_bars": 30438,
  "recovery_time_bars": 30438,
  "trades": 400,
  "atr_sl": 1.9,
  "atr_tp": 3.8,
  "atr_window": 14,
  "data_report": "data/outputs/stats/data_reports/data_GBPUSD_H1_20x80_ATR1.9x3.8_W14_ABOVE_SHORT_BELOW.json",
  "data_validation": {
    "severity": "warn",
    "messages": [
      "Non-zero timestamp gaps detected (ratio=0.0085).",
      "Columns contain nulls (max ratio=0.0026).",
      "Detected numeric outliers (threshold z>5.0)."
    ]
  }
}