{
  "fast": 20,
  "slow": 80,
  "final_equity": 956947.2047657364,
  "ann_return": -0.012756973932967708,
  "ann_vol": 0.004837566084316903,
  "sharpe": -2.637064530100177,
  "max_drawdown": -0.004552408678467795,
  "sortino": -1.8652799135933125,
  "calmar": -2.8022470814859544,
  "max_drawdown_duration_bars": 1076,
  "avg_drawdown_duration_bars": 18.692307692307693,
  "current_drawdown_duration_bars": 1076,
  "recovery_time_bars": 1076,
  "trades": 216,
  "atr_sl": 1.9,
  "atr_tp": 3.8,
  "atr_window": 14
}