{
  "fast": 20,
  "slow": 80,
  "final_equity": 1088891.4522320908,
  "ann_return": 0.7672395200807931,
  "ann_vol": 0.32795390572475613,
  "sharpe": 2.3394736476311975,
  "max_drawdown": -0.1109897952684006,
  "sortino": 0.9173601447297062,
  "calmar": 6.912703264524629,
  "max_drawdown_duration_bars": 757,
  "avg_drawdown_duration_bars": 7.615384615384615,
  "current_drawdown_duration_bars": 757,
  "recovery_time_bars": 757,
  "trades": 12,
  "atr_sl": 1.9,
  "atr_tp": 3.8,
  "atr_window": 14
}