{
  "fast": 20,
  "slow": 80,
  "final_equity": 1018108.3316070702,
  "ann_return": 0.01154876912196956,
  "ann_vol": 0.0034568800342949352,
  "sharpe": 3.340807030442711,
  "max_drawdown": -0.00250808272653313,
  "sortino": 1.451881009863328,
  "calmar": 4.604620493492725,
  "max_drawdown_duration_bars": 2651,
  "avg_drawdown_duration_bars": 80.42483660130719,
  "current_drawdown_duration_bars": 205,
  "recovery_time_bars": 2651,
  "trades": 868,
  "atr_sl": 1.9,
  "atr_tp": 3.8,
  "atr_window": 14,
  "data_report": "data/outputs/stats/data_reports/data_USDJPY_H1_20x80_ATR1.9x3.8_W14_ABOVE_SHORT_BELOW.json",
  "data_validation": {
    "severity": "warn",
    "messages": [
      "Non-zero timestamp gaps detected (ratio=0.0085).",
      "Columns contain nulls (max ratio=0.0026).",
      "Detected numeric outliers (threshold z>5.0)."
    ]
  }
}