{
  "fast": 20,
  "slow": 80,
  "final_equity": 964378.8842957598,
  "ann_return": 0.02794885575035133,
  "ann_vol": 0.005221730335640404,
  "sharpe": 5.352412697298667,
  "max_drawdown": -0.0011533007468655977,
  "sortino": 2.932760691514383,
  "calmar": 24.23379662790456,
  "max_drawdown_duration_bars": 251,
  "avg_drawdown_duration_bars": 30.375,
  "current_drawdown_duration_bars": 67,
  "recovery_time_bars": 251,
  "trades": 36,
  "atr_sl": 1.9,
  "atr_tp": 3.8,
  "atr_window": 14
}