{
  "fast": 20,
  "slow": 80,
  "final_equity": 957135.6433642231,
  "ann_return": -0.008363627306780308,
  "ann_vol": 0.018332189940073157,
  "sharpe": -0.4562263065198708,
  "max_drawdown": -0.10032568414551367,
  "sortino": -0.1489354501332854,
  "calmar": -0.08336476723796465,
  "max_drawdown_duration_bars": 29860,
  "avg_drawdown_duration_bars": 17.541666666666668,
  "current_drawdown_duration_bars": 29860,
  "recovery_time_bars": 29860,
  "trades": 568,
  "atr_sl": 1.9,
  "atr_tp": 3.8,
  "atr_window": 14,
  "data_report": "data/outputs/stats/data_reports/data_EURUSD_H1_20x80_ATR1.9x3.8_W14_ABOVE_SHORT_BELOW.json",
  "data_validation": {
    "severity": "warn",
    "messages": [
      "Non-zero timestamp gaps detected (ratio=0.0085).",
      "Columns contain nulls (max ratio=0.0026).",
      "Detected numeric outliers (threshold z>5.0)."
    ]
  }
}