{
  "fast": 20,
  "slow": 80,
  "final_equity": 959870.3842288004,
  "ann_return": -0.0005445124536437307,
  "ann_vol": 0.0005010179432163882,
  "sharpe": -1.0868122809097824,
  "max_drawdown": -0.0003053952468096496,
  "sortino": -0.22308412520090098,
  "calmar": -1.7829761901406438,
  "max_drawdown_duration_bars": 1010,
  "avg_drawdown_duration_bars": 67.0,
  "current_drawdown_duration_bars": 1010,
  "recovery_time_bars": 1010,
  "trades": 10,
  "atr_sl": 1.9,
  "atr_tp": 3.8,
  "atr_window": 14
}