{
  "fast": 20,
  "slow": 80,
  "final_equity": 963484.3667882499,
  "ann_return": 0.014740591912496548,
  "ann_vol": 0.005554205953562766,
  "sharpe": 2.653951264274084,
  "max_drawdown": -0.0019296333054502728,
  "sortino": 2.310922776453741,
  "calmar": 7.639063790442239,
  "max_drawdown_duration_bars": 307,
  "avg_drawdown_duration_bars": 29.871794871794872,
  "current_drawdown_duration_bars": 175,
  "recovery_time_bars": 307,
  "trades": 162,
  "atr_sl": 1.9,
  "atr_tp": 3.8,
  "atr_window": 14
}