{
  "batch_heatmap": {
    "double_costs": {
      "40.0": {
        "160.0": -1.670549796374981
      }
    }
  },
  "monte_carlo": {
    "mean": 0.364307506980182,
    "p05": -1.2191583786392934,
    "p50": 0.32999987156677346,
    "p95": 2.018851830200868,
    "count": 200
  },
  "walkforward": [
    {
      "window": 0,
      "sharpe": -8.404722425632023,
      "status": "fail"
    },
    {
      "window": 1,
      "sharpe": -8.628642481122503,
      "status": "fail"
    },
    {
      "window": 2,
      "sharpe": -8.59851457532206,
      "status": "fail"
    },
    {
      "window": 3,
      "sharpe": -8.589314448154822,
      "status": "fail"
    }
  ]
}