{
  "fast": 20,
  "slow": 80,
  "final_equity": 967553.5666103812,
  "ann_return": 0.0015340785315345329,
  "ann_vol": 0.0008609020766430863,
  "sharpe": 1.7819431189158728,
  "max_drawdown": -0.0011441260234214567,
  "sortino": 0.4459613491025779,
  "calmar": 1.34083003107205,
  "max_drawdown_duration_bars": 3955,
  "avg_drawdown_duration_bars": 170.98360655737704,
  "current_drawdown_duration_bars": 3955,
  "recovery_time_bars": 3955,
  "trades": 244,
  "atr_sl": 1.9,
  "atr_tp": 3.8,
  "atr_window": 14,
  "data_report": "data/outputs/stats/data_reports/data_USDJPY_H1_20x80_ATR1.9x3.8_W14_ABOVE_LONGONLY.json",
  "data_validation": {
    "severity": "warn",
    "messages": [
      "Non-zero timestamp gaps detected (ratio=0.0085).",
      "Detected numeric outliers (threshold z>5.0)."
    ]
  }
}