{
  "fast": 20,
  "slow": 80,
  "final_equity": 1017990.9691774766,
  "ann_return": 0.01152600192594,
  "ann_vol": 0.0034584254078810217,
  "sharpe": 3.3327311034885048,
  "max_drawdown": -0.0025290471305801946,
  "sortino": 1.446986037808083,
  "calmar": 4.55744845027692,
  "max_drawdown_duration_bars": 2651,
  "avg_drawdown_duration_bars": 80.4281045751634,
  "current_drawdown_duration_bars": 205,
  "recovery_time_bars": 2651,
  "trades": 870,
  "atr_sl": 1.9,
  "atr_tp": 3.8,
  "atr_window": 14,
  "data_report": "data/outputs/stats/data_reports/data_USDJPY_H1_20x80_ATR1.9x3.8_W14_ABOVE_SHORT_BELOW.json",
  "data_validation": {
    "severity": "warn",
    "messages": [
      "Non-zero timestamp gaps detected (ratio=0.0085).",
      "Columns contain nulls (max ratio=0.0026).",
      "Detected numeric outliers (threshold z>5.0)."
    ]
  }
}