{
  "fast": 20,
  "slow": 80,
  "final_equity": 961500.4723262996,
  "ann_return": 0.006321871919449773,
  "ann_vol": 0.0011903300465270431,
  "sharpe": 5.311024398564694,
  "max_drawdown": -0.0002253183137043859,
  "sortino": 2.080411361603135,
  "calmar": 28.05751479102569,
  "max_drawdown_duration_bars": 353,
  "avg_drawdown_duration_bars": 45.0,
  "current_drawdown_duration_bars": 0,
  "recovery_time_bars": 353,
  "trades": 20,
  "atr_sl": 1.9,
  "atr_tp": 3.8,
  "atr_window": 14
}