{
  "fast": 20,
  "slow": 80,
  "final_equity": 1097819.6776002871,
  "ann_return": 0.018614947858242692,
  "ann_vol": 0.019722386645051822,
  "sharpe": 0.9438486423200217,
  "max_drawdown": -0.02829929515943779,
  "sortino": 0.15033129453498692,
  "calmar": 0.6577883920205915,
  "max_drawdown_duration_bars": 4989,
  "avg_drawdown_duration_bars": 318.0327868852459,
  "current_drawdown_duration_bars": 3842,
  "recovery_time_bars": 4989,
  "trades": 138,
  "atr_sl": 1.9,
  "atr_tp": 3.8,
  "atr_window": 14,
  "data_report": "data/outputs/stats/data_reports/data_GBPUSD_H1_20x80_ATR1.9x3.8_W14_ABOVE_SHORT_BELOW.json",
  "data_validation": {
    "severity": "warn",
    "messages": [
      "Non-zero timestamp gaps detected (ratio=0.0085).",
      "Columns contain nulls (max ratio=0.0026).",
      "Detected numeric outliers (threshold z>5.0)."
    ]
  }
}