{
  "label": "usdjpy_xgb_short_v1g",
  "session_dir": "results/walkforward_usdjpy_xgb_short_v1g_20251116_232729",
  "source_csv": "QuantResearch/data/clean/USDJPY_H1_clean_v2.csv",
  "train_bars": 6000,
  "test_bars": 1500,
  "step_bars": 1500,
  "created_at": "2025-11-16T23:27:41.511761+00:00",
  "sharpe_threshold": 1.0,
  "max_dd_threshold": 0.1,
  "base_validation": null,
  "windows": 16,
  "aggregates": {
    "sharpe": {
      "mean": 3.3556045739179656,
      "median": 2.8351341203930867,
      "std": 3.0602510293965777,
      "p05": -0.30474084956943115,
      "p95": 8.250236351836408
    },
    "ann_return": {
      "mean": 0.006072119638265233,
      "median": 0.004348631686392768,
      "std": 0.006047804278694465,
      "p05": -0.00039495288514793114,
      "p95": 0.01729447888184027
    },
    "ann_vol": {
      "mean": 0.0016563588759258801,
      "median": 0.0015741718270526517,
      "std": 0.0004145619391385282,
      "p05": 0.0011710470658579716,
      "p95": 0.00234266625306469
    },
    "max_drawdown": {
      "mean": -0.0006544398208882304,
      "median": -0.0006498381936482925,
      "std": 0.0002758648148770928,
      "p05": -0.001005713767258313,
      "p95": -0.00024626741914440624
    },
    "sortino": {
      "mean": 1.7376438421316083,
      "median": 1.1884454799091428,
      "std": 1.8300387208110922,
      "p05": -0.08473536755142352,
      "p95": 4.972089970308988
    },
    "calmar": {
      "mean": 17.363017867054467,
      "median": 7.147533635881423,
      "std": 23.83308923113633,
      "p05": -0.46661032935088864,
      "p95": 71.2763674126052
    }
  },
  "run_ids": [
    "20251116_232729",
    "20251116_232730",
    "20251116_232731",
    "20251116_232731",
    "20251116_232732",
    "20251116_232733",
    "20251116_232734",
    "20251116_232734",
    "20251116_232735",
    "20251116_232736",
    "20251116_232737",
    "20251116_232737",
    "20251116_232738",
    "20251116_232739",
    "20251116_232740",
    "20251116_232740"
  ],
  "passes": 12,
  "fails": 4
}