{
  "fast": 20,
  "slow": 80,
  "final_equity": 1013540.70972698,
  "ann_return": 0.0026747976888532587,
  "ann_vol": 0.009083750451433833,
  "sharpe": 0.2944596181009192,
  "max_drawdown": -0.01302274394819622,
  "sortino": 0.025086671092330183,
  "calmar": 0.20539432392232093,
  "max_drawdown_duration_bars": 13468,
  "avg_drawdown_duration_bars": 2029.8181818181818,
  "current_drawdown_duration_bars": 3756,
  "recovery_time_bars": 13468,
  "trades": 40,
  "atr_sl": 1.9,
  "atr_tp": 3.8,
  "atr_window": 14,
  "data_report": "data/outputs/stats/data_reports/data_AUDUSD_H1_20x80_ATR1.9x3.8_W14_ABOVE_SHORT_BELOW.json",
  "data_validation": {
    "severity": "warn",
    "messages": [
      "Non-zero timestamp gaps detected (ratio=0.0085).",
      "Columns contain nulls (max ratio=0.0026).",
      "Detected numeric outliers (threshold z>5.0)."
    ]
  }
}