{
  "fast": 20,
  "slow": 80,
  "final_equity": 960150.4914049958,
  "ann_return": 0.0006326690911762078,
  "ann_vol": 0.0002571953271436978,
  "sharpe": 2.4598778609330205,
  "max_drawdown": -7.61312710443782e-05,
  "sortino": 0.2682579048088832,
  "calmar": 8.310239439026498,
  "max_drawdown_duration_bars": 9,
  "avg_drawdown_duration_bars": 1.0,
  "current_drawdown_duration_bars": 9,
  "recovery_time_bars": 9,
  "trades": 2,
  "atr_sl": 1.8,
  "atr_tp": 3.6,
  "atr_window": 14
}