{
  "metrics": {
    "train_acc": 0.5983894503594012,
    "val_acc": 0.44228274967574577,
    "test_acc": 0.41196498054474706,
    "train_confusion": [
      [
        5095,
        4,
        2579
      ],
      [
        1235,
        72,
        1532
      ],
      [
        2077,
        4,
        5905
      ]
    ],
    "val_confusion": [
      [
        1220,
        7,
        1297
      ],
      [
        487,
        7,
        608
      ],
      [
        1034,
        7,
        1501
      ]
    ],
    "test_confusion": [
      [
        1101,
        4,
        1555
      ],
      [
        402,
        2,
        461
      ],
      [
        1203,
        2,
        1438
      ]
    ]
  },
  "class_mapping": {
    "trend_down": 0,
    "chop": 1,
    "trend_up": 2
  }
}