{
  "label": "usdjpy_xgb_v2_final",
  "session_dir": "results/walkforward_usdjpy_xgb_v2_final_20251116_181814",
  "source_csv": "QuantResearch/data/clean/USDJPY_H1_clean_v2.csv",
  "train_bars": 6000,
  "test_bars": 1500,
  "step_bars": 1500,
  "created_at": "2025-11-16T18:18:22.537275+00:00",
  "sharpe_threshold": 1.0,
  "max_dd_threshold": 0.1,
  "base_validation": null,
  "windows": 16,
  "aggregates": {
    "sharpe": {
      "mean": 1.1456572735432147,
      "median": 1.2359060123264702,
      "std": 2.1625858475872777,
      "p05": -2.42057916402526,
      "p95": 4.162073389960128
    },
    "ann_return": {
      "mean": 0.0006753333698729658,
      "median": 0.000568138831416487,
      "std": 0.0013117208120825106,
      "p05": -0.0010394414225499138,
      "p95": 0.002657636231938987
    },
    "ann_vol": {
      "mean": 0.000527924848225869,
      "median": 0.00047164901023532906,
      "std": 0.0002577862210323858,
      "p05": 0.00018274485857383606,
      "p95": 0.0009159536668960847
    },
    "max_drawdown": {
      "mean": -0.00018938161518299842,
      "median": -0.00015106494147073917,
      "std": 0.0001442861678030452,
      "p05": -0.00040393328555593695,
      "p95": -4.695729538527656e-05
    },
    "sortino": {
      "mean": 0.332597130734124,
      "median": 0.23448417401194555,
      "std": 0.5665139298785038,
      "p05": -0.2565649827041604,
      "p95": 1.1967725430281022
    },
    "calmar": {
      "mean": 7.595356030313679,
      "median": 3.4439995938336585,
      "std": 11.925107551248782,
      "p05": -4.031411059539696,
      "p95": 30.061919798502444
    }
  },
  "run_ids": [
    "20251116_181814",
    "20251116_181814",
    "20251116_181815",
    "20251116_181815",
    "20251116_181816",
    "20251116_181816",
    "20251116_181817",
    "20251116_181817",
    "20251116_181818",
    "20251116_181818",
    "20251116_181819",
    "20251116_181819",
    "20251116_181820",
    "20251116_181821",
    "20251116_181821",
    "20251116_181822"
  ],
  "passes": 9,
  "fails": 7
}