{
  "label_mode": "binary",
  "p_long": 0.625,
  "p_exit": 0.45,
  "val_metrics": {
    "long": {
      "sharpe": 27.395561131619022,
      "trades": 108
    }
  },
  "test_metrics": {
    "long": {
      "sharpe": 2.8137946346273086,
      "trades": 99
    }
  }
}