{
  "label_mode": "binary",
  "p_long": 0.5750000000000001,
  "p_exit": 0.45,
  "val_metrics": {
    "long": {
      "sharpe": 14.283155170156645,
      "trades": 140
    }
  },
  "test_metrics": {
    "long": {
      "sharpe": 16.055502840227245,
      "trades": 110
    }
  }
}