{
  "fast": 20,
  "slow": 80,
  "final_equity": 963316.0073462756,
  "ann_return": 0.0006745886122609956,
  "ann_vol": 0.00045078261817148725,
  "sharpe": 1.4964831940444692,
  "max_drawdown": -0.0004752869962679422,
  "sortino": 0.2308786488864605,
  "calmar": 1.4193289897641077,
  "max_drawdown_duration_bars": 6904,
  "avg_drawdown_duration_bars": 155.015873015873,
  "current_drawdown_duration_bars": 6904,
  "recovery_time_bars": 6904,
  "trades": 108,
  "atr_sl": 1.9,
  "atr_tp": 3.8,
  "atr_window": 14,
  "data_report": "data/outputs/stats/data_reports/data_USDJPY_H1_20x80_ATR1.9x3.8_W14_ABOVE_LONGONLY.json",
  "data_validation": {
    "severity": "warn",
    "messages": [
      "Non-zero timestamp gaps detected (ratio=0.0085).",
      "Detected numeric outliers (threshold z>5.0)."
    ]
  }
}