{
  "fast": 20,
  "slow": 80,
  "final_equity": 963364.1141405794,
  "ann_return": 0.021410734179007518,
  "ann_vol": 0.0036613212222153893,
  "sharpe": 5.84781636997486,
  "max_drawdown": -0.0005808776544985514,
  "sortino": 2.607418471354736,
  "calmar": 36.859283556862856,
  "max_drawdown_duration_bars": 267,
  "avg_drawdown_duration_bars": 38.05555555555556,
  "current_drawdown_duration_bars": 16,
  "recovery_time_bars": 267,
  "trades": 38,
  "atr_sl": 1.9,
  "atr_tp": 3.8,
  "atr_window": 14
}