{
  "fast": 20,
  "slow": 80,
  "final_equity": 1093178.824638132,
  "ann_return": 0.017951744580346984,
  "ann_vol": 0.027264900203590396,
  "sharpe": 0.6584195961217197,
  "max_drawdown": -0.10158103658861992,
  "sortino": 0.1767349434369484,
  "calmar": 0.17672338443490654,
  "max_drawdown_duration_bars": 22527,
  "avg_drawdown_duration_bars": 52.08571428571429,
  "current_drawdown_duration_bars": 22527,
  "recovery_time_bars": 22527,
  "trades": 344,
  "atr_sl": 1.9,
  "atr_tp": 3.8,
  "atr_window": 14,
  "data_report": "data/outputs/stats/data_reports/data_GBPUSD_H1_20x80_ATR1.9x3.8_W14_ABOVE_SHORT_BELOW.json",
  "data_validation": {
    "severity": "warn",
    "messages": [
      "Non-zero timestamp gaps detected (ratio=0.0085).",
      "Columns contain nulls (max ratio=0.0026).",
      "Detected numeric outliers (threshold z>5.0)."
    ]
  }
}