{
  "label": "gbpjpy_h1_xgb_baseline_h4_ne400",
  "session_dir": "results/walkforward_fx_top6/walkforward_gbpjpy_h1_xgb_baseline_h4_ne400_20251119_212117",
  "source_csv": "QuantResearch/data/clean/GBPJPY_H1_clean_v2_with_regime.csv",
  "train_bars": 3000,
  "test_bars": 1000,
  "step_bars": 1000,
  "created_at": "2025-11-19T21:21:33.347517+00:00",
  "sharpe_threshold": 1.0,
  "max_dd_threshold": 0.1,
  "base_validation": null,
  "windows": 27,
  "aggregates": {
    "sharpe": {
      "mean": 1.4867304183121415,
      "median": -0.07435305162577942,
      "std": 5.733137261260386,
      "p05": -2.0129494297940194,
      "p95": 7.353312422833847
    },
    "ann_return": {
      "mean": 0.8364788001990957,
      "median": -0.029906421599943722,
      "std": 2.956266802845607,
      "p05": -0.4517830655926302,
      "p95": 3.2997404682274145
    },
    "ann_vol": {
      "mean": 0.3216680542783142,
      "median": 0.311036963375952,
      "std": 0.09936440728815982,
      "p05": 0.1908930489250398,
      "p95": 0.4810371123809005
    },
    "max_drawdown": {
      "mean": -0.12312423091044575,
      "median": -0.121033131349377,
      "std": 0.020330223842849195,
      "p05": -0.14618642530737244,
      "p95": -0.09067460541821436
    },
    "sortino": {
      "mean": 0.8472751520440992,
      "median": -0.028799681613554128,
      "std": 2.9184281135462724,
      "p05": -0.46702752739099634,
      "p95": 3.2564738215545734
    },
    "calmar": {
      "mean": 7.178670418491465,
      "median": -0.20411650755505725,
      "std": 24.47638406245095,
      "p05": -3.8727741058498086,
      "p95": 28.68339062520577
    }
  },
  "run_ids": [
    "20251119_212117",
    "20251119_212118",
    "20251119_212118",
    "20251119_212119",
    "20251119_212119",
    "20251119_212120",
    "20251119_212120",
    "20251119_212120",
    "20251119_212121",
    "20251119_212121",
    "20251119_212122",
    "20251119_212124",
    "20251119_212124",
    "20251119_212125",
    "20251119_212125",
    "20251119_212126",
    "20251119_212126",
    "20251119_212127",
    "20251119_212127",
    "20251119_212128",
    "20251119_212128",
    "20251119_212129",
    "20251119_212129",
    "20251119_212130",
    "20251119_212130",
    "20251119_212131",
    "20251119_212131"
  ],
  "passes": 2,
  "fails": 25
}