{
  "fast": 20,
  "slow": 80,
  "final_equity": 960982.1080943596,
  "ann_return": 0.004134909140200316,
  "ann_vol": 0.0013331600834568683,
  "sharpe": 3.101584867046533,
  "max_drawdown": -0.00040911712929476166,
  "sortino": 1.6207271816484654,
  "calmar": 10.1069078855928,
  "max_drawdown_duration_bars": 542,
  "avg_drawdown_duration_bars": 49.5,
  "current_drawdown_duration_bars": 479,
  "recovery_time_bars": 542,
  "trades": 24,
  "atr_sl": 1.9,
  "atr_tp": 3.8,
  "atr_window": 14
}