{
  "fast": 20,
  "slow": 80,
  "final_equity": 960266.1370009902,
  "ann_return": 0.0011192837155931112,
  "ann_vol": 0.0007640696857199701,
  "sharpe": 1.4648974256038294,
  "max_drawdown": -0.0004422972683518197,
  "sortino": 0.2947221002433154,
  "calmar": 2.53061412692875,
  "max_drawdown_duration_bars": 850,
  "avg_drawdown_duration_bars": 21.571428571428573,
  "current_drawdown_duration_bars": 850,
  "recovery_time_bars": 850,
  "trades": 20,
  "atr_sl": 1.9,
  "atr_tp": 3.8,
  "atr_window": 14
}