{
  "fast": 20,
  "slow": 80,
  "final_equity": 962652.0288181601,
  "ann_return": 0.011204020983880847,
  "ann_vol": 0.004721054510275439,
  "sharpe": 2.373203054422512,
  "max_drawdown": -0.0019897427584810263,
  "sortino": 1.9151201146865309,
  "calmar": 5.630889187119856,
  "max_drawdown_duration_bars": 1031,
  "avg_drawdown_duration_bars": 8.176470588235293,
  "current_drawdown_duration_bars": 1031,
  "recovery_time_bars": 1031,
  "trades": 172,
  "atr_sl": 1.9,
  "atr_tp": 3.8,
  "atr_window": 14
}