{
  "fast": 20,
  "slow": 80,
  "final_equity": 1001423.1635142589,
  "ann_return": 0.00830131141939816,
  "ann_vol": 0.00589342215571896,
  "sharpe": 1.4085723371000314,
  "max_drawdown": -0.009668651202857299,
  "sortino": 0.517927667547284,
  "calmar": 0.8585800899452181,
  "max_drawdown_duration_bars": 7538,
  "avg_drawdown_duration_bars": 174.85611510791367,
  "current_drawdown_duration_bars": 1909,
  "recovery_time_bars": 7538,
  "trades": 632,
  "atr_sl": 1.9,
  "atr_tp": 3.8,
  "atr_window": 14,
  "data_report": "data/outputs/stats/data_reports/data_USDJPY_H1_20x80_ATR1.9x3.8_W14_ABOVE_SHORT_BELOW.json",
  "data_validation": {
    "severity": "warn",
    "messages": [
      "Non-zero timestamp gaps detected (ratio=0.0085).",
      "Detected numeric outliers (threshold z>5.0)."
    ]
  }
}