{
  "fast": 20,
  "slow": 80,
  "final_equity": 960893.0182918751,
  "ann_return": 0.0037587166246639825,
  "ann_vol": 0.0006871702315606145,
  "sharpe": 5.469847865975885,
  "max_drawdown": -8.928617886378411e-05,
  "sortino": 2.050063047719952,
  "calmar": 42.097407151876425,
  "max_drawdown_duration_bars": 806,
  "avg_drawdown_duration_bars": 65.15384615384616,
  "current_drawdown_duration_bars": 0,
  "recovery_time_bars": 806,
  "trades": 10,
  "atr_sl": 1.9,
  "atr_tp": 3.8,
  "atr_window": 14
}