{
  "fast": 20,
  "slow": 80,
  "final_equity": 1008641.54477997,
  "ann_return": 0.009708171486659811,
  "ann_vol": 0.004260421898037977,
  "sharpe": 2.2786878198918865,
  "max_drawdown": -0.009144206209633623,
  "sortino": 1.4518842758606145,
  "calmar": 1.0616746018295211,
  "max_drawdown_duration_bars": 9638,
  "avg_drawdown_duration_bars": 48.915068493150685,
  "current_drawdown_duration_bars": 9638,
  "recovery_time_bars": 9638,
  "trades": 2920,
  "atr_sl": 1.9,
  "atr_tp": 3.8,
  "atr_window": 14,
  "data_report": "data/outputs/stats/data_reports/data_USDJPY_H1_20x80_ATR1.9x3.8_W14_ABOVE_SHORT_BELOW.json",
  "data_validation": {
    "severity": "warn",
    "messages": [
      "Non-zero timestamp gaps detected (ratio=0.0085).",
      "Detected numeric outliers (threshold z>5.0)."
    ]
  }
}