{
  "fast": 20,
  "slow": 80,
  "final_equity": 961122.5110419407,
  "ann_return": 0.00472781061272487,
  "ann_vol": 0.0018629607003222033,
  "sharpe": 2.537794067210964,
  "max_drawdown": -0.0006793099056279031,
  "sortino": 1.003066392190698,
  "calmar": 6.959725706273687,
  "max_drawdown_duration_bars": 367,
  "avg_drawdown_duration_bars": 42.11764705882353,
  "current_drawdown_duration_bars": 367,
  "recovery_time_bars": 367,
  "trades": 34,
  "atr_sl": 1.9,
  "atr_tp": 3.8,
  "atr_window": 14
}