{
  "fast": 20,
  "slow": 80,
  "final_equity": 960886.9753008321,
  "ann_return": 0.00373337908435345,
  "ann_vol": 0.0008569551910817654,
  "sharpe": 4.356562773883978,
  "max_drawdown": -0.00010325181264061319,
  "sortino": 0.9333518681202226,
  "calmar": 36.1580004154325,
  "max_drawdown_duration_bars": 40,
  "avg_drawdown_duration_bars": 6.555555555555555,
  "current_drawdown_duration_bars": 0,
  "recovery_time_bars": 40,
  "trades": 8,
  "atr_sl": 1.9,
  "atr_tp": 3.8,
  "atr_window": 14
}