{
  "fast": 20,
  "slow": 80,
  "final_equity": 1042448.3777001618,
  "ann_return": 0.32529732534827205,
  "ann_vol": 0.24459078615429392,
  "sharpe": 1.3299655741858831,
  "max_drawdown": -0.10071310504413192,
  "sortino": 0.2725429552702439,
  "calmar": 3.2299403856700533,
  "max_drawdown_duration_bars": 818,
  "avg_drawdown_duration_bars": 3.0,
  "current_drawdown_duration_bars": 818,
  "recovery_time_bars": 818,
  "trades": 4,
  "atr_sl": 1.9,
  "atr_tp": 3.8,
  "atr_window": 14
}