{
  "fast": 20,
  "slow": 80,
  "final_equity": 960244.9047017688,
  "ann_return": 0.0010302082443502947,
  "ann_vol": 0.0010233834588135174,
  "sharpe": 1.0066688448772563,
  "max_drawdown": -0.00030798397359374274,
  "sortino": 0.17203425304122819,
  "calmar": 3.345006015505299,
  "max_drawdown_duration_bars": 492,
  "avg_drawdown_duration_bars": 4.8,
  "current_drawdown_duration_bars": 492,
  "recovery_time_bars": 492,
  "trades": 8,
  "atr_sl": 1.8,
  "atr_tp": 3.6,
  "atr_window": 14
}