{
  "metrics": {
    "train_acc": 0.576663243798303,
    "val_acc": 0.4649805447470817,
    "test_acc": 0.45152399481193256,
    "train_confusion": [
      [
        2836,
        0,
        4464
      ],
      [
        468,
        19,
        1898
      ],
      [
        1002,
        1,
        7815
      ]
    ],
    "val_confusion": [
      [
        631,
        2,
        1743
      ],
      [
        191,
        3,
        630
      ],
      [
        731,
        3,
        2234
      ]
    ],
    "test_confusion": [
      [
        617,
        2,
        1989
      ],
      [
        169,
        0,
        642
      ],
      [
        580,
        1,
        2168
      ]
    ]
  },
  "class_mapping": {
    "trend_down": 0,
    "chop": 1,
    "trend_up": 2
  }
}