{
  "fast": 20,
  "slow": 80,
  "final_equity": 1067090.321143194,
  "ann_return": 0.020892473895547603,
  "ann_vol": 0.006966596632164893,
  "sharpe": 2.9989498457663966,
  "max_drawdown": -0.006059654349174218,
  "sortino": 1.2843082675924606,
  "calmar": 3.4477996089652763,
  "max_drawdown_duration_bars": 4144,
  "avg_drawdown_duration_bars": 80.53846153846153,
  "current_drawdown_duration_bars": 2007,
  "recovery_time_bars": 4144,
  "trades": 842,
  "atr_sl": 1.9,
  "atr_tp": 3.8,
  "atr_window": 14,
  "data_report": "data/outputs/stats/data_reports/data_USDJPY_H1_20x80_ATR1.9x3.8_W14_ABOVE_SHORT_BELOW.json",
  "data_validation": {
    "severity": "warn",
    "messages": [
      "Non-zero timestamp gaps detected (ratio=0.0085).",
      "Columns contain nulls (max ratio=0.0026).",
      "Detected numeric outliers (threshold z>5.0)."
    ]
  }
}