{
  "fast": 20,
  "slow": 80,
  "final_equity": 1143692.3276299797,
  "ann_return": 0.02738854475811081,
  "ann_vol": 0.039100356203520245,
  "sharpe": 0.7004679091809652,
  "max_drawdown": -0.07886745589338462,
  "sortino": 0.039259971703399454,
  "calmar": 0.34727308555680386,
  "max_drawdown_duration_bars": 59,
  "avg_drawdown_duration_bars": 11.285714285714286,
  "current_drawdown_duration_bars": 0,
  "recovery_time_bars": 59,
  "trades": 6,
  "atr_sl": 1.9,
  "atr_tp": 3.8,
  "atr_window": 14
}