{
  "fast": 20,
  "slow": 80,
  "final_equity": 1890627.9756107498,
  "ann_return": 0.1423317412467633,
  "ann_vol": 0.03796750921145553,
  "sharpe": 3.7487774205588145,
  "max_drawdown": -0.027620824931559988,
  "sortino": 1.7994792064356495,
  "calmar": 5.153059027000052,
  "max_drawdown_duration_bars": 2951,
  "avg_drawdown_duration_bars": 75.71987951807229,
  "current_drawdown_duration_bars": 205,
  "recovery_time_bars": 2951,
  "trades": 1142,
  "atr_sl": 1.9,
  "atr_tp": 3.8,
  "atr_window": 14,
  "data_report": "data/outputs/stats/data_reports/data_USDJPY_H1_20x80_ATR1.9x3.8_W14_ABOVE_SHORT_BELOW.json",
  "data_validation": {
    "severity": "warn",
    "messages": [
      "Non-zero timestamp gaps detected (ratio=0.0085).",
      "Detected numeric outliers (threshold z>5.0)."
    ]
  }
}