{
  "fast": 20,
  "slow": 80,
  "final_equity": 1092165.1910369874,
  "ann_return": 0.7122079647928767,
  "ann_vol": 0.09009532488827948,
  "sharpe": 7.905049076364761,
  "max_drawdown": -0.014768570924609582,
  "sortino": 3.33910525300877,
  "calmar": 48.224568810926066,
  "max_drawdown_duration_bars": 186,
  "avg_drawdown_duration_bars": 23.066666666666666,
  "current_drawdown_duration_bars": 0,
  "recovery_time_bars": 186,
  "trades": 24,
  "atr_sl": 1.9,
  "atr_tp": 3.8,
  "atr_window": 14
}