{
  "fast": 20,
  "slow": 80,
  "final_equity": 900945.9467136635,
  "ann_return": -0.01994003475825601,
  "ann_vol": 0.022614352728991545,
  "sharpe": -0.8817424490196853,
  "max_drawdown": -0.10013739775165324,
  "sortino": -0.28242464962072467,
  "calmar": -0.19912675190250592,
  "max_drawdown_duration_bars": 30667,
  "avg_drawdown_duration_bars": 58.666666666666664,
  "current_drawdown_duration_bars": 30667,
  "recovery_time_bars": 30667,
  "trades": 684,
  "atr_sl": 1.9,
  "atr_tp": 3.8,
  "atr_window": 14,
  "data_report": "data/outputs/stats/data_reports/data_AUDUSD_H1_20x80_ATR1.9x3.8_W14_ABOVE_SHORT_BELOW.json",
  "data_validation": {
    "severity": "warn",
    "messages": [
      "Non-zero timestamp gaps detected (ratio=0.0085).",
      "Columns contain nulls (max ratio=0.0026).",
      "Detected numeric outliers (threshold z>5.0)."
    ]
  }
}