{
  "fast": 20,
  "slow": 80,
  "final_equity": 991060.3125512868,
  "ann_return": -0.052769588781997334,
  "ann_vol": 0.01742851870606418,
  "sharpe": -3.027772449969393,
  "max_drawdown": -0.013349394127879258,
  "sortino": -0.64923258685204,
  "calmar": -3.952957585677376,
  "max_drawdown_duration_bars": 683,
  "avg_drawdown_duration_bars": 1.0,
  "current_drawdown_duration_bars": 683,
  "recovery_time_bars": 683,
  "trades": 14,
  "atr_sl": 1.9,
  "atr_tp": 3.8,
  "atr_window": 14
}