{
  "fast": 20,
  "slow": 80,
  "final_equity": 936728.5974371686,
  "ann_return": -0.012508163830948993,
  "ann_vol": 0.019700021018802676,
  "sharpe": -0.6349314967233072,
  "max_drawdown": -0.10039208842966109,
  "sortino": -0.17602162143579328,
  "calmar": -0.12459312308970182,
  "max_drawdown_duration_bars": 29286,
  "avg_drawdown_duration_bars": 46.15384615384615,
  "current_drawdown_duration_bars": 29286,
  "recovery_time_bars": 29286,
  "trades": 424,
  "atr_sl": 1.9,
  "atr_tp": 3.8,
  "atr_window": 14,
  "data_report": "data/outputs/stats/data_reports/data_EURUSD_H1_20x80_ATR1.9x3.8_W14_ABOVE_SHORT_BELOW.json",
  "data_validation": {
    "severity": "warn",
    "messages": [
      "Non-zero timestamp gaps detected (ratio=0.0085).",
      "Columns contain nulls (max ratio=0.0026).",
      "Detected numeric outliers (threshold z>5.0)."
    ]
  }
}