{
  "fast": 20,
  "slow": 80,
  "final_equity": 961196.0808860186,
  "ann_return": 0.005036855073225821,
  "ann_vol": 0.0009495678627409816,
  "sharpe": 5.304365565496975,
  "max_drawdown": -0.00025872706595911804,
  "sortino": 2.5456832583302362,
  "calmar": 19.467832074521745,
  "max_drawdown_duration_bars": 251,
  "avg_drawdown_duration_bars": 17.59090909090909,
  "current_drawdown_duration_bars": 0,
  "recovery_time_bars": 251,
  "trades": 14,
  "atr_sl": 1.9,
  "atr_tp": 3.8,
  "atr_window": 14
}