{
  "fast": 20,
  "slow": 80,
  "final_equity": 959339.7998011044,
  "ann_return": -0.0027659035547249466,
  "ann_vol": 0.0034389945340383343,
  "sharpe": -0.8042768103725387,
  "max_drawdown": -0.002074967905776287,
  "sortino": -0.44434347330473434,
  "calmar": -1.3329861859671353,
  "max_drawdown_duration_bars": 1101,
  "avg_drawdown_duration_bars": 11.3,
  "current_drawdown_duration_bars": 1101,
  "recovery_time_bars": 1101,
  "trades": 146,
  "atr_sl": 1.9,
  "atr_tp": 3.8,
  "atr_window": 14
}