{
  "fast": 20,
  "slow": 80,
  "final_equity": 994610.1019479922,
  "ann_return": -0.0009372603716431005,
  "ann_vol": 0.01543589488375693,
  "sharpe": -0.06071953577692293,
  "max_drawdown": -0.06935283451235079,
  "sortino": -0.012402315278332436,
  "calmar": -0.013514377288734858,
  "max_drawdown_duration_bars": 19359,
  "avg_drawdown_duration_bars": 116.63461538461539,
  "current_drawdown_duration_bars": 19359,
  "recovery_time_bars": 19359,
  "trades": 166,
  "atr_sl": 1.9,
  "atr_tp": 3.8,
  "atr_window": 14,
  "data_report": "data/outputs/stats/data_reports/data_USDCHF_H1_20x80_ATR1.9x3.8_W14_ABOVE_SHORT_BELOW.json",
  "data_validation": {
    "severity": "warn",
    "messages": [
      "Non-zero timestamp gaps detected (ratio=0.0085).",
      "Columns contain nulls (max ratio=0.0026).",
      "Detected numeric outliers (threshold z>5.0)."
    ]
  }
}