{
  "fast": 20,
  "slow": 80,
  "final_equity": 1001539.6528624999,
  "ann_return": 0.009389256724516182,
  "ann_vol": 0.00793912657540486,
  "sharpe": 1.1826561316711808,
  "max_drawdown": -0.0016281198039037972,
  "sortino": 0.13278394401998173,
  "calmar": 5.766932324023851,
  "max_drawdown_duration_bars": 320,
  "avg_drawdown_duration_bars": 1.3333333333333333,
  "current_drawdown_duration_bars": 320,
  "recovery_time_bars": 320,
  "trades": 2,
  "atr_sl": 1.9,
  "atr_tp": 3.8,
  "atr_window": 14
}