{
  "fast": 20,
  "slow": 80,
  "final_equity": 1005528.9805322456,
  "ann_return": 0.0010931348568665733,
  "ann_vol": 0.005360457787235533,
  "sharpe": 0.20392565341519442,
  "max_drawdown": -0.009922196665020384,
  "sortino": 0.015928046366609175,
  "calmar": 0.11017065008601375,
  "max_drawdown_duration_bars": 10598,
  "avg_drawdown_duration_bars": 1283.2727272727273,
  "current_drawdown_duration_bars": 3242,
  "recovery_time_bars": 10598,
  "trades": 14,
  "atr_sl": 1.9,
  "atr_tp": 3.8,
  "atr_window": 14,
  "data_report": "data/outputs/stats/data_reports/data_USDCHF_H1_20x80_ATR1.9x3.8_W14_ABOVE_SHORT_BELOW.json",
  "data_validation": {
    "severity": "warn",
    "messages": [
      "Non-zero timestamp gaps detected (ratio=0.0085).",
      "Columns contain nulls (max ratio=0.0026).",
      "Detected numeric outliers (threshold z>5.0)."
    ]
  }
}