{
  "fast": 20,
  "slow": 80,
  "final_equity": 961890.9518392746,
  "ann_return": 0.007972500186835152,
  "ann_vol": 0.0016790387508384655,
  "sharpe": 4.748252643278129,
  "max_drawdown": -0.00041121050040944014,
  "sortino": 2.9397081150180084,
  "calmar": 19.38788085152732,
  "max_drawdown_duration_bars": 388,
  "avg_drawdown_duration_bars": 38.75,
  "current_drawdown_duration_bars": 78,
  "recovery_time_bars": 388,
  "trades": 34,
  "atr_sl": 1.9,
  "atr_tp": 3.8,
  "atr_window": 14
}