{
  "fast": 20,
  "slow": 80,
  "final_equity": 969133.3452773038,
  "ann_return": 0.039693404102697505,
  "ann_vol": 0.038006060484051245,
  "sharpe": 1.0443966987674067,
  "max_drawdown": -0.014471192721540708,
  "sortino": 0.28552165616982533,
  "calmar": 2.742925539483207,
  "max_drawdown_duration_bars": 589,
  "avg_drawdown_duration_bars": 153.42857142857142,
  "current_drawdown_duration_bars": 46,
  "recovery_time_bars": 589,
  "trades": 14,
  "atr_sl": 2.0,
  "atr_tp": 4.0,
  "atr_window": 14
}