{
  "fast": 20,
  "slow": 80,
  "final_equity": 926284.2407222044,
  "ann_return": -0.014650275087325193,
  "ann_vol": 0.020736457936039555,
  "sharpe": -0.7064984353891657,
  "max_drawdown": -0.09950813194258046,
  "sortino": -0.2156488500252537,
  "calmar": -0.1472269130303732,
  "max_drawdown_duration_bars": 29230,
  "avg_drawdown_duration_bars": 46.607142857142854,
  "current_drawdown_duration_bars": 29230,
  "recovery_time_bars": 29230,
  "trades": 574,
  "atr_sl": 1.9,
  "atr_tp": 3.8,
  "atr_window": 14,
  "data_report": "data/outputs/stats/data_reports/data_AUDUSD_H1_20x80_ATR1.9x3.8_W14_ABOVE_SHORT_BELOW.json",
  "data_validation": {
    "severity": "warn",
    "messages": [
      "Non-zero timestamp gaps detected (ratio=0.0085).",
      "Columns contain nulls (max ratio=0.0026).",
      "Detected numeric outliers (threshold z>5.0)."
    ]
  }
}