{
  "fast": 20,
  "slow": 80,
  "final_equity": 1696752.9800827708,
  "ann_return": 0.11478370979447172,
  "ann_vol": 0.1028407679074973,
  "sharpe": 1.1161304230800455,
  "max_drawdown": -0.10089982817974782,
  "sortino": 0.08231954620397115,
  "calmar": 1.137600646752247,
  "max_drawdown_duration_bars": 30601,
  "avg_drawdown_duration_bars": 4.481481481481482,
  "current_drawdown_duration_bars": 30601,
  "recovery_time_bars": 30601,
  "trades": 34,
  "atr_sl": 1.9,
  "atr_tp": 3.8,
  "atr_window": 14,
  "data_report": "data/outputs/stats/data_reports/data_GBPJPY_H1_20x80_ATR1.9x3.8_W14_ABOVE_SHORT_BELOW.json",
  "data_validation": {
    "severity": "warn",
    "messages": [
      "Non-zero timestamp gaps detected (ratio=0.0085).",
      "Columns contain nulls (max ratio=0.0026).",
      "Detected numeric outliers (threshold z>5.0)."
    ]
  }
}