{
  "label_mode": "binary",
  "p_long": 0.55,
  "p_exit": 0.45,
  "val_metrics": {
    "long": {
      "sharpe": -12.934819779751946,
      "trades": 1226
    }
  },
  "test_metrics": {
    "long": {
      "sharpe": -7.5323229849701745,
      "trades": 999
    }
  }
}