{
  "fast": 20,
  "slow": 80,
  "final_equity": 960446.4656647107,
  "ann_return": 0.0018782655576150553,
  "ann_vol": 0.0010331060590055838,
  "sharpe": 1.818076219031161,
  "max_drawdown": -0.0002974893545755328,
  "sortino": 0.817325427221053,
  "calmar": 6.313723596244389,
  "max_drawdown_duration_bars": 884,
  "avg_drawdown_duration_bars": 6.0,
  "current_drawdown_duration_bars": 884,
  "recovery_time_bars": 884,
  "trades": 22,
  "atr_sl": 1.9,
  "atr_tp": 3.8,
  "atr_window": 14
}