{
  "fast": 20,
  "slow": 80,
  "final_equity": 949314.4856630744,
  "ann_return": -0.009670249213798554,
  "ann_vol": 0.03013435203183358,
  "sharpe": -0.3209045014003624,
  "max_drawdown": -0.10366034017050323,
  "sortino": -0.10513730901651397,
  "calmar": -0.09328783986134598,
  "max_drawdown_duration_bars": 26398,
  "avg_drawdown_duration_bars": 144.6206896551724,
  "current_drawdown_duration_bars": 26398,
  "recovery_time_bars": 26398,
  "trades": 602,
  "atr_sl": 1.9,
  "atr_tp": 3.8,
  "atr_window": 14,
  "data_report": "data/outputs/stats/data_reports/data_GBPUSD_H1_20x80_ATR1.9x3.8_W14_ABOVE_SHORT_BELOW.json",
  "data_validation": {
    "severity": "warn",
    "messages": [
      "Non-zero timestamp gaps detected (ratio=0.0085).",
      "Columns contain nulls (max ratio=0.0026).",
      "Detected numeric outliers (threshold z>5.0)."
    ]
  }
}