{
  "fast": 20,
  "slow": 80,
  "final_equity": 967712.6670975712,
  "ann_return": 0.03512834236235984,
  "ann_vol": 0.06696735123520688,
  "sharpe": 0.5245592324382057,
  "max_drawdown": -0.037661849467248695,
  "sortino": 0.20217274967168264,
  "calmar": 0.9327301462693162,
  "max_drawdown_duration_bars": 928,
  "avg_drawdown_duration_bars": 318.0,
  "current_drawdown_duration_bars": 0,
  "recovery_time_bars": 928,
  "trades": 20,
  "atr_sl": 2.0,
  "atr_tp": 4.0,
  "atr_window": 14
}