{
  "fast": 20,
  "slow": 80,
  "final_equity": 900018.8985715932,
  "ann_return": -0.45758693614842527,
  "ann_vol": 0.2279716237424006,
  "sharpe": -2.007210058149524,
  "max_drawdown": -0.1272076907381948,
  "sortino": -0.46939801815943344,
  "calmar": -3.5971640825567817,
  "max_drawdown_duration_bars": 825,
  "avg_drawdown_duration_bars": 5.0,
  "current_drawdown_duration_bars": 825,
  "recovery_time_bars": 825,
  "trades": 4,
  "atr_sl": 1.9,
  "atr_tp": 3.8,
  "atr_window": 14
}