{
  "fast": 20,
  "slow": 80,
  "final_equity": 1000372.6507094586,
  "ann_return": 0.002340967923331938,
  "ann_vol": 0.012860670460337287,
  "sharpe": 0.18202534079008997,
  "max_drawdown": -0.0037246777536287627,
  "sortino": 0.052721776755242505,
  "calmar": 0.6285021358025544,
  "max_drawdown_duration_bars": 376,
  "avg_drawdown_duration_bars": 10.5,
  "current_drawdown_duration_bars": 376,
  "recovery_time_bars": 376,
  "trades": 14,
  "atr_sl": 1.9,
  "atr_tp": 3.8,
  "atr_window": 14
}