{
  "label_mode": "binary",
  "p_long": 0.5750000000000001,
  "p_exit": 0.45,
  "val_metrics": {
    "long": {
      "sharpe": 6.065007682293215,
      "trades": 313
    }
  },
  "test_metrics": {
    "long": {
      "sharpe": 6.292132932170642,
      "trades": 134
    }
  }
}