{
  "label": "gbpusd_h1_xgb_baseline",
  "session_dir": "results/walkforward_fx_top6/walkforward_gbpusd_h1_xgb_baseline_20251119_161126",
  "source_csv": "QuantResearch/data/clean/GBPUSD_H1_clean_v2_with_regime.csv",
  "train_bars": 3000,
  "test_bars": 1000,
  "step_bars": 1000,
  "created_at": "2025-11-19T16:11:37.262343+00:00",
  "sharpe_threshold": 1.0,
  "max_dd_threshold": 0.1,
  "base_validation": null,
  "windows": 27,
  "aggregates": {
    "sharpe": {
      "mean": 0.41562302594123807,
      "median": 0.0,
      "std": 2.743824239479189,
      "p05": -2.581432877447241,
      "p95": 4.721672697485808
    },
    "ann_return": {
      "mean": 0.031023666089927262,
      "median": 0.0,
      "std": 0.14200183237978883,
      "p05": -0.02610215686985081,
      "p95": 0.09662820208734155
    },
    "ann_vol": {
      "mean": 0.008138713146909105,
      "median": 0.004807577337127614,
      "std": 0.015553918336598157,
      "p05": 0.0,
      "p95": 0.03292861337459663
    },
    "max_drawdown": {
      "mean": -0.0022413194782824105,
      "median": -0.0002291476397959075,
      "std": 0.0032845955932581873,
      "p05": -0.009740410920046464,
      "p95": 0.0
    },
    "sortino": {
      "mean": 0.39119831061333743,
      "median": 0.0,
      "std": 1.1867713395381798,
      "p05": -0.27803366798984425,
      "p95": 2.788195236060759
    },
    "calmar": {
      "mean": 15.974920144153325,
      "median": 0.0,
      "std": 52.18147519930644,
      "p05": -6.011011453565113,
      "p95": 106.81906764239298
    }
  },
  "run_ids": [
    "20251119_161126",
    "20251119_161127",
    "20251119_161127",
    "20251119_161128",
    "20251119_161129",
    "20251119_161129",
    "20251119_161130",
    "20251119_161130",
    "20251119_161130",
    "20251119_161131",
    "20251119_161131",
    "20251119_161131",
    "20251119_161132",
    "20251119_161132",
    "20251119_161132",
    "20251119_161133",
    "20251119_161133",
    "20251119_161133",
    "20251119_161134",
    "20251119_161134",
    "20251119_161134",
    "20251119_161135",
    "20251119_161135",
    "20251119_161135",
    "20251119_161136",
    "20251119_161136",
    "20251119_161136"
  ],
  "passes": 6,
  "fails": 21
}