{
  "fast": 20,
  "slow": 80,
  "final_equity": 960921.1740072015,
  "ann_return": 0.005826744239851411,
  "ann_vol": 0.002614673285303732,
  "sharpe": 2.228478897383369,
  "max_drawdown": -0.0008329223260506599,
  "sortino": 0.7177231042587238,
  "calmar": 6.9955433509378855,
  "max_drawdown_duration_bars": 413,
  "avg_drawdown_duration_bars": 142.75,
  "current_drawdown_duration_bars": 0,
  "recovery_time_bars": 413,
  "trades": 22,
  "atr_sl": 1.9,
  "atr_tp": 3.8,
  "atr_window": 14
}