{
  "fast": 20,
  "slow": 80,
  "final_equity": 960335.3160009407,
  "ann_return": 0.002118879303906418,
  "ann_vol": 0.0021926735045086064,
  "sharpe": 0.9663451031581074,
  "max_drawdown": -0.0010486954734838945,
  "sortino": 0.2761378711276738,
  "calmar": 2.0204905594445277,
  "max_drawdown_duration_bars": 641,
  "avg_drawdown_duration_bars": 222.33333333333334,
  "current_drawdown_duration_bars": 0,
  "recovery_time_bars": 641,
  "trades": 18,
  "atr_sl": 1.9,
  "atr_tp": 3.8,
  "atr_window": 14
}