{
  "fast": 20,
  "slow": 80,
  "final_equity": 1000862.7065719195,
  "ann_return": 0.005302869497638252,
  "ann_vol": 0.011687201232902381,
  "sharpe": 0.45373305310336864,
  "max_drawdown": -0.004052986899192794,
  "sortino": 0.07784093480551632,
  "calmar": 1.3083855510844087,
  "max_drawdown_duration_bars": 335,
  "avg_drawdown_duration_bars": 4.666666666666667,
  "current_drawdown_duration_bars": 335,
  "recovery_time_bars": 335,
  "trades": 8,
  "atr_sl": 1.9,
  "atr_tp": 3.8,
  "atr_window": 14
}