{
  "label": "usdjpy_h1_xgbRegime_v1.0_20251118",
  "session_dir": "results/walkforward_fx_top6/walkforward_usdjpy_h1_xgbRegime_v1.0_20251118_20251119_155736",
  "source_csv": "QuantResearch/data/clean/USDJPY_H1_clean_v2_with_regime.csv",
  "train_bars": 3000,
  "test_bars": 1000,
  "step_bars": 1000,
  "created_at": "2025-11-19T15:57:48.934632+00:00",
  "sharpe_threshold": 1.0,
  "max_dd_threshold": 0.1,
  "base_validation": null,
  "windows": 27,
  "aggregates": {
    "sharpe": {
      "mean": 3.294068171706932,
      "median": 2.76499618266135,
      "std": 2.8936419701680407,
      "p05": 0.026542141851849166,
      "p95": 7.189478970056234
    },
    "ann_return": {
      "mean": 0.012870907606544623,
      "median": 0.009510972715041976,
      "std": 0.011700611814017024,
      "p05": 6.705073077749592e-05,
      "p95": 0.032436402756123604
    },
    "ann_vol": {
      "mean": 0.0033777810947366645,
      "median": 0.0035768536365576318,
      "std": 0.0010685527022493446,
      "p05": 0.0018581293344547883,
      "p95": 0.005206299978451106
    },
    "max_drawdown": {
      "mean": -0.0009744267090749316,
      "median": -0.0008630924325613243,
      "std": 0.0004983904247073263,
      "p05": -0.002133002482864909,
      "p95": -0.0004266079082613986
    },
    "sortino": {
      "mean": 1.6604075167011305,
      "median": 1.347065118468854,
      "std": 1.5316801546795016,
      "p05": 0.010569415063025129,
      "p95": 4.348338720074546
    },
    "calmar": {
      "mean": 17.838029139271132,
      "median": 10.804902334478765,
      "std": 20.454592324609557,
      "p05": 0.1031063899758198,
      "p95": 41.494043662681335
    }
  },
  "run_ids": [
    "20251119_155736",
    "20251119_155737",
    "20251119_155737",
    "20251119_155737",
    "20251119_155738",
    "20251119_155738",
    "20251119_155739",
    "20251119_155739",
    "20251119_155739",
    "20251119_155740",
    "20251119_155740",
    "20251119_155741",
    "20251119_155741",
    "20251119_155741",
    "20251119_155742",
    "20251119_155742",
    "20251119_155742",
    "20251119_155743",
    "20251119_155745",
    "20251119_155745",
    "20251119_155745",
    "20251119_155746",
    "20251119_155746",
    "20251119_155746",
    "20251119_155747",
    "20251119_155747",
    "20251119_155748"
  ],
  "passes": 19,
  "fails": 8
}