{
  "fast": 20,
  "slow": 80,
  "final_equity": 999511.691481376,
  "ann_return": -0.0025863347019499106,
  "ann_vol": 0.027128556118852645,
  "sharpe": -0.09533624608029066,
  "max_drawdown": -0.009610011539951389,
  "sortino": -0.02841498174591001,
  "calmar": -0.26912919835713256,
  "max_drawdown_duration_bars": 645,
  "avg_drawdown_duration_bars": 164.0,
  "current_drawdown_duration_bars": 126,
  "recovery_time_bars": 645,
  "trades": 10,
  "atr_sl": 1.9,
  "atr_tp": 3.8,
  "atr_window": 14
}