{
  "fast": 20,
  "slow": 80,
  "final_equity": 1050970.858223751,
  "ann_return": 0.009892891649972091,
  "ann_vol": 0.015689410585865888,
  "sharpe": 0.6305457809157149,
  "max_drawdown": -0.022687924391019715,
  "sortino": 0.07985826887151345,
  "calmar": 0.43604216408125346,
  "max_drawdown_duration_bars": 17351,
  "avg_drawdown_duration_bars": 787.6666666666666,
  "current_drawdown_duration_bars": 17351,
  "recovery_time_bars": 17351,
  "trades": 110,
  "atr_sl": 1.9,
  "atr_tp": 3.8,
  "atr_window": 14,
  "data_report": "data/outputs/stats/data_reports/data_GBPUSD_H1_20x80_ATR1.9x3.8_W14_ABOVE_SHORT_BELOW.json",
  "data_validation": {
    "severity": "warn",
    "messages": [
      "Non-zero timestamp gaps detected (ratio=0.0085).",
      "Columns contain nulls (max ratio=0.0026).",
      "Detected numeric outliers (threshold z>5.0)."
    ]
  }
}