{
  "fast": 20,
  "slow": 80,
  "final_equity": 1043432.6249713933,
  "ann_return": 0.009030716782065573,
  "ann_vol": 0.03678710464920234,
  "sharpe": 0.24548593503569974,
  "max_drawdown": -0.09963727726258233,
  "sortino": 0.009213920117167627,
  "calmar": 0.09063592492864073,
  "max_drawdown_duration_bars": 22084,
  "avg_drawdown_duration_bars": 3.1666666666666665,
  "current_drawdown_duration_bars": 22084,
  "recovery_time_bars": 22084,
  "trades": 4,
  "atr_sl": 1.9,
  "atr_tp": 3.8,
  "atr_window": 14,
  "data_report": "data/outputs/stats/data_reports/data_GBPJPY_H1_20x80_ATR1.9x3.8_W14_ABOVE_SHORT_BELOW.json",
  "data_validation": {
    "severity": "warn",
    "messages": [
      "Non-zero timestamp gaps detected (ratio=0.0085).",
      "Columns contain nulls (max ratio=0.0026).",
      "Detected numeric outliers (threshold z>5.0)."
    ]
  }
}