{
  "fast": 20,
  "slow": 80,
  "final_equity": 1020165.4733453522,
  "ann_return": 0.12871810857281085,
  "ann_vol": 0.020720368111711622,
  "sharpe": 6.212153562081576,
  "max_drawdown": -0.005407164443100768,
  "sortino": 2.3243003728689207,
  "calmar": 23.805103382244607,
  "max_drawdown_duration_bars": 224,
  "avg_drawdown_duration_bars": 35.63157894736842,
  "current_drawdown_duration_bars": 0,
  "recovery_time_bars": 224,
  "trades": 20,
  "atr_sl": 1.9,
  "atr_tp": 3.8,
  "atr_window": 14
}