{
  "fast": 20,
  "slow": 80,
  "final_equity": 960903.9888608435,
  "ann_return": 0.0038051026240886188,
  "ann_vol": 0.0008756930749424456,
  "sharpe": 4.345246905531035,
  "max_drawdown": -0.00030955151431522873,
  "sortino": 1.646626504009008,
  "calmar": 12.29230822051069,
  "max_drawdown_duration_bars": 250,
  "avg_drawdown_duration_bars": 24.5,
  "current_drawdown_duration_bars": 0,
  "recovery_time_bars": 250,
  "trades": 12,
  "atr_sl": 1.9,
  "atr_tp": 3.8,
  "atr_window": 14
}