{
  "fast": 20,
  "slow": 80,
  "final_equity": 1040000.0026261427,
  "ann_return": 0.2685454991353513,
  "ann_vol": 0.029243513771498007,
  "sharpe": 9.183079066137646,
  "max_drawdown": -0.00534769053374161,
  "sortino": 4.786268882830047,
  "calmar": 50.21709791188281,
  "max_drawdown_duration_bars": 127,
  "avg_drawdown_duration_bars": 20.095238095238095,
  "current_drawdown_duration_bars": 0,
  "recovery_time_bars": 127,
  "trades": 22,
  "atr_sl": 1.9,
  "atr_tp": 3.8,
  "atr_window": 14
}