{
  "label_mode": "binary",
  "p_long": 0.7000000000000001,
  "p_exit": 0.45,
  "val_metrics": {
    "long": {
      "sharpe": 14.937291776093247,
      "trades": 56
    }
  },
  "test_metrics": {
    "long": {
      "sharpe": 35.782328236335545,
      "trades": 7
    }
  }
}