{
  "fast": 20,
  "slow": 80,
  "final_equity": 1006923.4536390207,
  "ann_return": 0.0427939072546617,
  "ann_vol": 0.016326083181537072,
  "sharpe": 2.6211986536401275,
  "max_drawdown": -0.004856911983422404,
  "sortino": 0.9971831317577136,
  "calmar": 8.810929125486673,
  "max_drawdown_duration_bars": 429,
  "avg_drawdown_duration_bars": 71.72727272727273,
  "current_drawdown_duration_bars": 0,
  "recovery_time_bars": 429,
  "trades": 18,
  "atr_sl": 1.9,
  "atr_tp": 3.8,
  "atr_window": 14
}