{
  "label": "usdjpy_xgb_short_v1d",
  "session_dir": "results/walkforward_usdjpy_xgb_short_v1d_20251116_222308",
  "source_csv": "QuantResearch/data/clean/USDJPY_H1_clean_v2.csv",
  "train_bars": 6000,
  "test_bars": 1500,
  "step_bars": 1500,
  "created_at": "2025-11-16T22:23:18.684204+00:00",
  "sharpe_threshold": 1.0,
  "max_dd_threshold": 0.1,
  "base_validation": null,
  "windows": 16,
  "aggregates": {
    "sharpe": {
      "mean": 1.612876726907755,
      "median": 1.6414868223174952,
      "std": 1.9816908715113115,
      "p05": -2.066149902893958,
      "p95": 4.169299680628389
    },
    "ann_return": {
      "mean": 0.001502521336748129,
      "median": 0.0011105956608942202,
      "std": 0.001471860642474791,
      "p05": -0.0007191274085101007,
      "p95": 0.003887554253116543
    },
    "ann_vol": {
      "mean": 0.0007304002218299984,
      "median": 0.0007537551698932458,
      "std": 0.00026304858029592535,
      "p05": 0.0003526967443107634,
      "p95": 0.0011656491936689645
    },
    "max_drawdown": {
      "mean": -0.00027539839966797856,
      "median": -0.00028008215658329117,
      "std": 9.819602731517534e-05,
      "p05": -0.0004224790828563949,
      "p95": -0.00013717911844849368
    },
    "sortino": {
      "mean": 0.5363571242339347,
      "median": 0.380038468401942,
      "std": 0.5610452827137268,
      "p05": -0.23480540567393024,
      "p95": 1.627202012238601
    },
    "calmar": {
      "mean": 6.143680317577142,
      "median": 4.90021212593911,
      "std": 6.518700443987983,
      "p05": -2.9179453175668,
      "p95": 16.369781475657582
    }
  },
  "run_ids": [
    "20251116_222308",
    "20251116_222309",
    "20251116_222309",
    "20251116_222310",
    "20251116_222311",
    "20251116_222311",
    "20251116_222312",
    "20251116_222313",
    "20251116_222313",
    "20251116_222314",
    "20251116_222314",
    "20251116_222315",
    "20251116_222316",
    "20251116_222316",
    "20251116_222317",
    "20251116_222318"
  ],
  "passes": 11,
  "fails": 5
}