{
  "fast": 20,
  "slow": 80,
  "final_equity": 959866.0855880318,
  "ann_return": -0.0005626599068387916,
  "ann_vol": 0.0002711502842022966,
  "sharpe": -2.075085071343717,
  "max_drawdown": -0.0001394941791335441,
  "sortino": -0.07579494816319371,
  "calmar": -4.033572657538146,
  "max_drawdown_duration_bars": 299,
  "avg_drawdown_duration_bars": 0.0,
  "current_drawdown_duration_bars": 299,
  "recovery_time_bars": 299,
  "trades": 2,
  "atr_sl": 1.9,
  "atr_tp": 3.8,
  "atr_window": 14
}