{
  "fast": 20,
  "slow": 80,
  "final_equity": 957002.2848569093,
  "ann_return": -0.012509175801655892,
  "ann_vol": 0.007805217468153233,
  "sharpe": -1.6026684525697972,
  "max_drawdown": -0.004997422837819158,
  "sortino": -1.5531481716872932,
  "calmar": -2.5031253523295645,
  "max_drawdown_duration_bars": 1268,
  "avg_drawdown_duration_bars": 14.125,
  "current_drawdown_duration_bars": 1268,
  "recovery_time_bars": 1268,
  "trades": 390,
  "atr_sl": 1.9,
  "atr_tp": 3.8,
  "atr_window": 14
}