{
  "fast": 20,
  "slow": 80,
  "final_equity": 963851.2758634726,
  "ann_return": 0.016288836697147424,
  "ann_vol": 0.002768021901261069,
  "sharpe": 5.884648777427113,
  "max_drawdown": -0.000586065186501231,
  "sortino": 4.475455096087768,
  "calmar": 27.793557905035552,
  "max_drawdown_duration_bars": 190,
  "avg_drawdown_duration_bars": 20.608695652173914,
  "current_drawdown_duration_bars": 78,
  "recovery_time_bars": 190,
  "trades": 82,
  "atr_sl": 1.9,
  "atr_tp": 3.8,
  "atr_window": 14
}