{
  "label": "usdjpy_xgb_v2_risklite_atr18",
  "session_dir": "results/walkforward_usdjpy_xgb_v2_risklite_atr18_20251116_173626",
  "source_csv": "QuantResearch/data/clean/USDJPY_H1_clean_v2.csv",
  "train_bars": 6000,
  "test_bars": 1500,
  "step_bars": 1500,
  "created_at": "2025-11-16T17:36:28.884408+00:00",
  "sharpe_threshold": 1.0,
  "max_dd_threshold": 0.1,
  "base_validation": null,
  "windows": 4,
  "aggregates": {
    "sharpe": {
      "mean": 2.4542822844458683,
      "median": 2.448941335245571,
      "std": 1.0274368873350976,
      "p05": 1.221369239579386,
      "p95": 3.6946726581927667
    },
    "ann_return": {
      "mean": 0.0013588904094530285,
      "median": 0.001396678948017982,
      "std": 0.0005527641522938368,
      "p05": 0.0006922999641523209,
      "p95": 0.0019725769007628013
    },
    "ann_vol": {
      "mean": 0.000629345337161193,
      "median": 0.0006184012813437781,
      "std": 0.00028105342306050955,
      "p05": 0.00029565736160712635,
      "p95": 0.00097835499085964
    },
    "max_drawdown": {
      "mean": -0.0001787061975702842,
      "median": -0.0001679405872869716,
      "std": 0.00010655017763217638,
      "p05": -0.0003007488630841161,
      "p95": -7.173538645308995e-05
    },
    "sortino": {
      "mean": 0.48317587984697963,
      "median": 0.4229337941000453,
      "std": 0.29078231588914566,
      "p05": 0.18646780080637643,
      "p95": 0.8642228789332908
    },
    "calmar": {
      "mean": 11.690630467137225,
      "median": 7.549056786914289,
      "std": 9.767670687310945,
      "p05": 3.861436233399816,
      "p95": 25.31802785318674
    }
  },
  "run_ids": [
    "20251116_173626",
    "20251116_173627",
    "20251116_173627",
    "20251116_173628"
  ],
  "passes": 4,
  "fails": 0
}