{
  "fast": 20,
  "slow": 80,
  "final_equity": 948955.3730867693,
  "ann_return": -0.2580837635990836,
  "ann_vol": 0.191129190857647,
  "sharpe": -1.3503105540341263,
  "max_drawdown": -0.10162663500381457,
  "sortino": -0.200108159792772,
  "calmar": -2.5395287720526847,
  "max_drawdown_duration_bars": 881,
  "avg_drawdown_duration_bars": 2.5,
  "current_drawdown_duration_bars": 881,
  "recovery_time_bars": 881,
  "trades": 2,
  "atr_sl": 1.9,
  "atr_tp": 3.8,
  "atr_window": 14
}