{
  "label_mode": "binary",
  "p_long": 0.5750000000000001,
  "p_exit": 0.45,
  "val_metrics": {
    "long": {
      "sharpe": 21.92429427715157,
      "trades": 63
    }
  },
  "test_metrics": {
    "long": {
      "sharpe": 9.104970564892803,
      "trades": 64
    }
  }
}