{
  "fast": 20,
  "slow": 80,
  "final_equity": 1270752.0402476303,
  "ann_return": 3.7996034186487533,
  "ann_vol": 0.48678371603942994,
  "sharpe": 7.805526958796177,
  "max_drawdown": -0.11444454980385374,
  "sortino": 3.751247263911094,
  "calmar": 33.20038765638805,
  "max_drawdown_duration_bars": 559,
  "avg_drawdown_duration_bars": 9.434782608695652,
  "current_drawdown_duration_bars": 559,
  "recovery_time_bars": 559,
  "trades": 12,
  "atr_sl": 1.9,
  "atr_tp": 3.8,
  "atr_window": 14
}