{
  "metrics": {
    "train_acc": 0.5943900989028806,
    "val_acc": 0.41293774319066145,
    "test_acc": 0.4293125810635538,
    "train_confusion": [
      [
        5489,
        2,
        2614
      ],
      [
        1177,
        47,
        1211
      ],
      [
        2494,
        7,
        5462
      ]
    ],
    "val_confusion": [
      [
        1441,
        62,
        912
      ],
      [
        680,
        47,
        365
      ],
      [
        1550,
        52,
        1059
      ]
    ],
    "test_confusion": [
      [
        1330,
        11,
        1195
      ],
      [
        481,
        6,
        425
      ],
      [
        1397,
        11,
        1312
      ]
    ]
  },
  "class_mapping": {
    "trend_down": 0,
    "chop": 1,
    "trend_up": 2
  }
}