{
  "fast": 20,
  "slow": 80,
  "final_equity": 1006496.7006923344,
  "ann_return": 0.04058593710359526,
  "ann_vol": 0.03406590358895073,
  "sharpe": 1.1913947034347652,
  "max_drawdown": -0.014980382456687372,
  "sortino": 0.437477645589468,
  "calmar": 2.7092724248490296,
  "max_drawdown_duration_bars": 492,
  "avg_drawdown_duration_bars": 2.8461538461538463,
  "current_drawdown_duration_bars": 492,
  "recovery_time_bars": 492,
  "trades": 18,
  "atr_sl": 1.9,
  "atr_tp": 3.8,
  "atr_window": 14
}