{
  "fast": 20,
  "slow": 80,
  "final_equity": 1145177.832451769,
  "ann_return": 1.4251871425123657,
  "ann_vol": 0.3594770027136239,
  "sharpe": 3.9646128451998246,
  "max_drawdown": -0.10699036350533586,
  "sortino": 1.403967317161172,
  "calmar": 13.320705676836852,
  "max_drawdown_duration_bars": 715,
  "avg_drawdown_duration_bars": 6.357142857142857,
  "current_drawdown_duration_bars": 715,
  "recovery_time_bars": 715,
  "trades": 6,
  "atr_sl": 1.9,
  "atr_tp": 3.8,
  "atr_window": 14
}