{
  "fast": 20,
  "slow": 80,
  "final_equity": 957992.8640543276,
  "ann_return": -0.008385334607119987,
  "ann_vol": 0.006892260829539832,
  "sharpe": -1.2166304808403257,
  "max_drawdown": -0.003249322192854351,
  "sortino": -1.115150440521978,
  "calmar": -2.5806411643512432,
  "max_drawdown_duration_bars": 535,
  "avg_drawdown_duration_bars": 126.28571428571429,
  "current_drawdown_duration_bars": 519,
  "recovery_time_bars": 535,
  "trades": 318,
  "atr_sl": 1.9,
  "atr_tp": 3.8,
  "atr_window": 14
}