{
  "label": "eurusd_h1_xgb_baseline",
  "session_dir": "results/walkforward_fx_top6/walkforward_eurusd_h1_xgb_baseline_20251119_155624",
  "source_csv": "QuantResearch/data/clean/EURUSD_H1_clean_v2_with_regime.csv",
  "train_bars": 3000,
  "test_bars": 1000,
  "step_bars": 1000,
  "created_at": "2025-11-19T15:56:34.063789+00:00",
  "sharpe_threshold": 1.0,
  "max_dd_threshold": 0.1,
  "base_validation": null,
  "windows": 27,
  "aggregates": {
    "sharpe": {
      "mean": 0.7103438685943373,
      "median": 0.22075513273112113,
      "std": 3.0547068500554504,
      "p05": -3.715310062618331,
      "p95": 5.998642951393006
    },
    "ann_return": {
      "mean": 0.029221035067288573,
      "median": 0.002926459701891204,
      "std": 0.0890148081021051,
      "p05": -0.032173819831956954,
      "p95": 0.1305215721930069
    },
    "ann_vol": {
      "mean": 0.01566289382007542,
      "median": 0.008982056666613059,
      "std": 0.01486407447757386,
      "p05": 0.0038668082456208273,
      "p95": 0.04899242564312461
    },
    "max_drawdown": {
      "mean": -0.004854251338822546,
      "median": -0.003240274989999831,
      "std": 0.004901729989092953,
      "p05": -0.010696983909109335,
      "p95": -0.001013144579322343
    },
    "sortino": {
      "mean": 0.487509663316822,
      "median": 0.03976678251233093,
      "std": 1.2277079429304287,
      "p05": -0.4923844105931074,
      "p95": 2.907024794829903
    },
    "calmar": {
      "mean": 9.650050576608662,
      "median": 0.49327974855540574,
      "std": 22.67900993893594,
      "p05": -5.9518994284708935,
      "p95": 57.95112969659228
    }
  },
  "run_ids": [
    "20251119_155624",
    "20251119_155624",
    "20251119_155625",
    "20251119_155625",
    "20251119_155625",
    "20251119_155626",
    "20251119_155626",
    "20251119_155627",
    "20251119_155627",
    "20251119_155627",
    "20251119_155628",
    "20251119_155628",
    "20251119_155628",
    "20251119_155629",
    "20251119_155629",
    "20251119_155629",
    "20251119_155630",
    "20251119_155630",
    "20251119_155631",
    "20251119_155631",
    "20251119_155631",
    "20251119_155632",
    "20251119_155632",
    "20251119_155632",
    "20251119_155633",
    "20251119_155633",
    "20251119_155633"
  ],
  "passes": 11,
  "fails": 16
}