{
  "metrics": {
    "train_acc": 0.5790952818461871,
    "val_acc": 0.39364461738002593,
    "test_acc": 0.42039559014267186,
    "train_confusion": [
      [
        5327,
        3,
        2574
      ],
      [
        1302,
        69,
        1518
      ],
      [
        2384,
        7,
        5319
      ]
    ],
    "val_confusion": [
      [
        1469,
        15,
        939
      ],
      [
        768,
        21,
        497
      ],
      [
        1514,
        7,
        938
      ]
    ],
    "test_confusion": [
      [
        1366,
        0,
        1232
      ],
      [
        461,
        0,
        455
      ],
      [
        1427,
        0,
        1227
      ]
    ]
  },
  "class_mapping": {
    "trend_down": 0,
    "chop": 1,
    "trend_up": 2
  }
}