{
  "fast": 20,
  "slow": 80,
  "final_equity": 1004346.5707663904,
  "ann_return": 0.008862402379945289,
  "ann_vol": 0.00297451792437415,
  "sharpe": 2.979441578524013,
  "max_drawdown": -0.003044903363451396,
  "sortino": 1.615993479562359,
  "calmar": 2.910569342305748,
  "max_drawdown_duration_bars": 4514,
  "avg_drawdown_duration_bars": 62.996978851963746,
  "current_drawdown_duration_bars": 3502,
  "recovery_time_bars": 4514,
  "trades": 1606,
  "atr_sl": 1.9,
  "atr_tp": 3.8,
  "atr_window": 14,
  "data_report": "data/outputs/stats/data_reports/data_USDJPY_H1_20x80_ATR1.9x3.8_W14_ABOVE_SHORT_BELOW.json",
  "data_validation": {
    "severity": "warn",
    "messages": [
      "Non-zero timestamp gaps detected (ratio=0.0085).",
      "Detected numeric outliers (threshold z>5.0)."
    ]
  }
}