{
  "fast": 20,
  "slow": 80,
  "final_equity": 1063603.6167159306,
  "ann_return": 0.5165471073173935,
  "ann_vol": 0.07682578970288331,
  "sharpe": 6.7236159799344986,
  "max_drawdown": -0.015418225542897698,
  "sortino": 2.6997919449196526,
  "calmar": 33.50237067684728,
  "max_drawdown_duration_bars": 270,
  "avg_drawdown_duration_bars": 23.53846153846154,
  "current_drawdown_duration_bars": 0,
  "recovery_time_bars": 270,
  "trades": 24,
  "atr_sl": 2.0,
  "atr_tp": 4.0,
  "atr_window": 14
}