{
  "fast": 20,
  "slow": 80,
  "final_equity": 979328.5277125055,
  "ann_return": -0.09841203229045647,
  "ann_vol": 0.21265606214370497,
  "sharpe": -0.4627755790190139,
  "max_drawdown": -0.10483505954038556,
  "sortino": -0.07131274907729446,
  "calmar": -0.9387320684693774,
  "max_drawdown_duration_bars": 808,
  "avg_drawdown_duration_bars": 4.0,
  "current_drawdown_duration_bars": 808,
  "recovery_time_bars": 808,
  "trades": 4,
  "atr_sl": 1.9,
  "atr_tp": 3.8,
  "atr_window": 14
}