{
  "fast": 20,
  "slow": 80,
  "final_equity": 1047386.6231599287,
  "ann_return": 0.01718180909365752,
  "ann_vol": 0.006716235426401447,
  "sharpe": 2.5582499723157435,
  "max_drawdown": -0.00843228795609777,
  "sortino": 1.0821202154194043,
  "calmar": 2.0376212462280265,
  "max_drawdown_duration_bars": 6977,
  "avg_drawdown_duration_bars": 84.33944954128441,
  "current_drawdown_duration_bars": 6977,
  "recovery_time_bars": 6977,
  "trades": 710,
  "atr_sl": 1.9,
  "atr_tp": 3.8,
  "atr_window": 14,
  "data_report": "data/outputs/stats/data_reports/data_USDJPY_H1_20x80_ATR1.9x3.8_W14_ABOVE_SHORT_BELOW.json",
  "data_validation": {
    "severity": "warn",
    "messages": [
      "Non-zero timestamp gaps detected (ratio=0.0085).",
      "Columns contain nulls (max ratio=0.0026).",
      "Detected numeric outliers (threshold z>5.0)."
    ]
  }
}