{
  "timestamp": "20251110_164719",
  "job_count": 4,
  "symbols": [
    "EURUSD",
    "USDJPY"
  ],
  "sharpe_max": -0.24200820493167774,
  "sharpe_min": -1.670549796374981
}