{
  "timestamp": "20251109_145114",
  "job_count": 1,
  "symbols": [
    "USDJPY"
  ],
  "sharpe_max": -1.1716153510167895,
  "sharpe_min": -1.1716153510167895
}