{
  "label_mode": "binary",
  "p_long": 0.5750000000000001,
  "p_exit": 0.45,
  "val_metrics": {
    "long": {
      "sharpe": -3.46228149838322,
      "trades": 99
    }
  },
  "test_metrics": {
    "long": {
      "sharpe": -3.768203877134982,
      "trades": 122
    }
  }
}