{
  "fast": 20,
  "slow": 80,
  "final_equity": 901748.5995027581,
  "ann_return": -0.45416745736332886,
  "ann_vol": 0.20252116083141275,
  "sharpe": -2.2425679148728426,
  "max_drawdown": -0.11296982559876391,
  "sortino": -0.48283189516331165,
  "calmar": -4.020254567590465,
  "max_drawdown_duration_bars": 896,
  "avg_drawdown_duration_bars": 5.25,
  "current_drawdown_duration_bars": 896,
  "recovery_time_bars": 896,
  "trades": 4,
  "atr_sl": 1.9,
  "atr_tp": 3.8,
  "atr_window": 14
}