{
  "fast": 20,
  "slow": 80,
  "final_equity": 960262.0359868809,
  "ann_return": 0.0011019076061953292,
  "ann_vol": 0.0005762297300581698,
  "sharpe": 1.9122713541421974,
  "max_drawdown": -0.0001218462699320347,
  "sortino": 0.37583370206801087,
  "calmar": 9.043425020806696,
  "max_drawdown_duration_bars": 107,
  "avg_drawdown_duration_bars": 2.5,
  "current_drawdown_duration_bars": 107,
  "recovery_time_bars": 107,
  "trades": 4,
  "atr_sl": 1.9,
  "atr_tp": 3.8,
  "atr_window": 14
}