{
  "label_mode": "binary",
  "p_long": 0.55,
  "p_exit": 0.45,
  "val_metrics": {
    "long": {
      "sharpe": 0.6879096773224083,
      "trades": 1257
    }
  },
  "test_metrics": {
    "long": {
      "sharpe": 0.4560010517876589,
      "trades": 1328
    }
  }
}