{
  "fast": 20,
  "slow": 80,
  "final_equity": 961216.9406349887,
  "ann_return": 0.0002478261868890108,
  "ann_vol": 0.0003975086492641281,
  "sharpe": 0.6234485396677256,
  "max_drawdown": -0.0004900433184299671,
  "sortino": 0.07829679459195493,
  "calmar": 0.5057230199220195,
  "max_drawdown_duration_bars": 7121,
  "avg_drawdown_duration_bars": 966.2,
  "current_drawdown_duration_bars": 1325,
  "recovery_time_bars": 7121,
  "trades": 84,
  "atr_sl": 1.9,
  "atr_tp": 3.8,
  "atr_window": 14,
  "data_report": "data/outputs/stats/data_reports/data_USDJPY_H1_20x80_ATR1.9x3.8_W14_ABOVE_LONGONLY.json",
  "data_validation": {
    "severity": "warn",
    "messages": [
      "Non-zero timestamp gaps detected (ratio=0.0085).",
      "Detected numeric outliers (threshold z>5.0)."
    ]
  }
}