{
  "label_mode": "binary",
  "p_long": 0.6000000000000001,
  "p_exit": 0.45,
  "val_metrics": {
    "long": {
      "sharpe": -0.8740146975553312,
      "trades": 80
    }
  },
  "test_metrics": {
    "long": {
      "sharpe": -19.703361548291916,
      "trades": 53
    }
  }
}