{
  "label_mode": "binary",
  "p_long": 0.5750000000000001,
  "p_exit": 0.45,
  "val_metrics": {
    "long": {
      "sharpe": 5.273825752472619,
      "trades": 542
    }
  },
  "test_metrics": {
    "long": {
      "sharpe": -5.301031505838275,
      "trades": 558
    }
  }
}