{
  "fast": 20,
  "slow": 80,
  "final_equity": 965270.0645151365,
  "ann_return": 0.03370578053349105,
  "ann_vol": 0.0035911462937521163,
  "sharpe": 9.385799902424592,
  "max_drawdown": -0.00035743890989336455,
  "sortino": 5.353416817570083,
  "calmar": 94.29801736902834,
  "max_drawdown_duration_bars": 108,
  "avg_drawdown_duration_bars": 12.545454545454545,
  "current_drawdown_duration_bars": 56,
  "recovery_time_bars": 108,
  "trades": 26,
  "atr_sl": 1.9,
  "atr_tp": 3.8,
  "atr_window": 14
}