{
  "fast": 20,
  "slow": 80,
  "final_equity": 1023059.6618011481,
  "ann_return": 0.012508143156045648,
  "ann_vol": 0.003611677128498005,
  "sharpe": 3.4632506481130094,
  "max_drawdown": -0.002653902049547859,
  "sortino": 1.6042245276152831,
  "calmar": 4.71311409483882,
  "max_drawdown_duration_bars": 2877,
  "avg_drawdown_duration_bars": 74.91111111111111,
  "current_drawdown_duration_bars": 205,
  "recovery_time_bars": 2877,
  "trades": 1040,
  "atr_sl": 1.9,
  "atr_tp": 3.8,
  "atr_window": 14,
  "data_report": "data/outputs/stats/data_reports/data_USDJPY_H1_20x80_ATR1.9x3.8_W14_ABOVE_SHORT_BELOW.json",
  "data_validation": {
    "severity": "warn",
    "messages": [
      "Non-zero timestamp gaps detected (ratio=0.0085).",
      "Detected numeric outliers (threshold z>5.0)."
    ]
  }
}