{
  "fast": 20,
  "slow": 80,
  "final_equity": 1013522.6428157286,
  "ann_return": 0.08518034269129271,
  "ann_vol": 0.029283346828472123,
  "sharpe": 2.9088322175138837,
  "max_drawdown": -0.008739180156215843,
  "sortino": 1.262637556371568,
  "calmar": 9.746948932126912,
  "max_drawdown_duration_bars": 157,
  "avg_drawdown_duration_bars": 4.166666666666667,
  "current_drawdown_duration_bars": 157,
  "recovery_time_bars": 157,
  "trades": 12,
  "atr_sl": 1.9,
  "atr_tp": 3.8,
  "atr_window": 14
}