{
  "fast": 20,
  "slow": 80,
  "final_equity": 983807.2000857821,
  "ann_return": -0.09357656052977692,
  "ann_vol": 0.03424195545223935,
  "sharpe": -2.7328042249309457,
  "max_drawdown": -0.019419729819854722,
  "sortino": -0.8818564668762605,
  "calmar": -4.818633492732957,
  "max_drawdown_duration_bars": 884,
  "avg_drawdown_duration_bars": 0.0,
  "current_drawdown_duration_bars": 884,
  "recovery_time_bars": 884,
  "trades": 20,
  "atr_sl": 1.9,
  "atr_tp": 3.8,
  "atr_window": 14
}