{
  "fast": 20,
  "slow": 80,
  "final_equity": 1342991.9186038033,
  "ann_return": 5.32397841745971,
  "ann_vol": 0.3435934869829991,
  "sharpe": 15.494992248567096,
  "max_drawdown": -0.09858512482743395,
  "sortino": 5.91899462910642,
  "calmar": 54.00387154531624,
  "max_drawdown_duration_bars": 702,
  "avg_drawdown_duration_bars": 6.666666666666667,
  "current_drawdown_duration_bars": 702,
  "recovery_time_bars": 702,
  "trades": 14,
  "atr_sl": 1.9,
  "atr_tp": 3.8,
  "atr_window": 14
}