{
  "weights": {
    "gbpusd_h1_xgb_baseline.yaml": 0.13255809069592958,
    "eurusd_h1_xgb_baseline.yaml": 0.19146382954407637,
    "usdchf_h1_xgb_baseline.yaml": 0.3334549395352694,
    "audusd_h1_xgb_baseline.yaml": 0.20788286342501952,
    "gbpjpy_h1_xgb_baseline.yaml": 0.13464027679970522,
    "usdjpy_xgb_backtest.yaml": 1.952189051942831e-17
  },
  "metrics": {
    "ann_return": 0.04606903813940111,
    "ann_vol": 0.015388153596215625,
    "sharpe": 2.993798953938877,
    "max_drawdown": -0.015914212913921682,
    "cvar": 0.0004294743726413954,
    "objective_value": 0.03333333336328762,
    "status": "Optimization terminated successfully"
  },
  "constraints": {
    "objective": "risk_parity",
    "cvar_alpha": 0.95,
    "cvar_limit": null,
    "cvar_penalty": 0.0,
    "max_dd": null,
    "caps": null,
    "min_weight": 0.0,
    "risk_free": 0.0,
    "min_ann_return": null,
    "equity_csv": "QuantResearch/results/fx_top6_baseline_rerun_20251120_161039/portfolio_equity.csv"
  }
}