{
  "weights": {
    "gbpusd_h1_xgb_baseline.yaml": 0.0,
    "eurusd_h1_xgb_baseline.yaml": 0.14486350793572417,
    "usdchf_h1_xgb_baseline.yaml": 0.2504630497414998,
    "audusd_h1_xgb_baseline.yaml": 0.20586488681834542,
    "gbpjpy_h1_xgb_baseline.yaml": 7.548107109286187e-17,
    "usdjpy_xgb_backtest.yaml": 0.3988085555044305
  },
  "metrics": {
    "ann_return": 0.03999999999917936,
    "ann_vol": 0.009692234152996757,
    "sharpe": 4.127015440171934,
    "max_drawdown": -0.008748868123724978,
    "cvar": 0.00028657841224158685,
    "objective_value": -4.127015440171934,
    "status": "Optimization terminated successfully"
  },
  "constraints": {
    "objective": "max_sharpe",
    "cvar_alpha": 0.95,
    "cvar_limit": null,
    "cvar_penalty": 0.0,
    "max_dd": 0.04,
    "caps": [
      "gbpjpy_h1_xgb_baseline.yaml=0.3"
    ],
    "min_weight": 0.0,
    "risk_free": 0.0,
    "min_ann_return": 0.04,
    "equity_csv": "QuantResearch/results/fx_top6_baseline_rerun_20251120_161039/portfolio_equity.csv"
  }
}